CustomerID,Recency,Frequency,Monetary,Products,Quantity,AverageOrderValue,KMeans,Hierarchical,GMM
12346.0,165,11,372.86,25,70,33.89636363636364,1,1,0
12347.0,3,2,1323.32,70,828,661.66,0,0,1
12348.0,74,1,222.16,20,373,222.16,1,1,1
12349.0,43,3,2671.14,94,993,890.38,0,0,0
12351.0,11,1,300.93,21,261,300.93,1,1,1
12352.0,11,2,343.8,18,188,171.9,1,1,1
12353.0,44,1,317.76,20,192,317.76,1,1,1
12355.0,203,1,488.21000000000004,22,303,488.21000000000004,1,1,1
12356.0,16,3,3562.25,68,1826,1187.4166666666667,0,0,0
12357.0,24,2,12079.99,165,3879,6039.995,0,0,1
12358.0,11,3,2719.01,52,831,906.3366666666667,0,0,0
12359.0,61,6,2563.36,113,1130,427.2266666666667,0,0,0
12360.0,15,5,1590.83,76,1294,318.166,0,0,0
12361.0,98,3,321.35,14,144,107.11666666666667,1,1,0
12362.0,374,1,130.0,1,1,130.0,1,1,1
12366.0,269,1,500.24,3,296,500.24,1,1,1
12368.0,264,1,917.6999999999999,18,330,917.6999999999999,1,1,1
12369.0,49,3,1791.15,90,1241,597.0500000000001,0,0,0
12370.0,260,3,774.62,33,252,258.20666666666665,1,0,0
12371.0,45,3,2179.42,93,845,726.4733333333334,0,0,0
12373.0,260,2,763.0500000000001,31,319,381.52500000000003,1,0,1
12374.0,57,3,2246.29,48,1020,748.7633333333333,0,0,0
12376.0,25,2,503.15,11,240,251.575,1,0,1
12377.0,17,2,1798.2,75,1161,899.1,0,0,1
12378.0,198,1,1407.7,82,787,1407.7,0,0,1
12379.0,58,2,767.98,38,408,383.99,1,0,1
12380.0,101,7,6951.49,129,2228,993.0699999999999,0,0,0
12385.0,15,1,1938.4,65,612,1938.4,0,0,1
12386.0,2,1,258.9,8,214,258.9,1,1,1
12387.0,51,1,143.94,9,134,143.94,1,1,1
12388.0,81,2,1120.45,36,539,560.225,0,0,1
12389.0,38,3,1433.33,42,614,477.77666666666664,0,0,0
12391.0,100,5,2312.53,160,920,462.50600000000003,0,0,0
12392.0,227,1,234.75000000000003,7,73,234.75000000000003,1,1,1
12393.0,18,2,816.85,38,495,408.425,0,0,1
12395.0,7,4,2048.64,86,1615,512.16,0,0,0
12396.0,310,1,931.43,65,591,931.43,1,0,1
12399.0,21,3,853.65,40,1020,284.55,0,0,0
12400.0,50,1,205.25,11,91,205.25,1,1,1
12402.0,28,5,1031.3,40,490,206.26,0,0,0
12403.0,157,1,591.6600000000001,4,164,591.6600000000001,1,1,1
12404.0,318,1,63.24,1,1,63.24,1,1,1
12406.0,35,3,2975.06,48,1598,991.6866666666666,0,0,0
12408.0,21,3,1452.22,41,820,484.0733333333333,0,0,0
12409.0,56,4,12346.619999999999,131,7592,3086.6549999999997,0,0,0
12410.0,138,1,320.38,14,130,320.38,1,1,1
12411.0,45,1,346.9,22,138,346.9,1,1,1
12412.0,38,3,1370.05,50,1168,456.68333333333334,0,0,0
12413.0,38,1,241.35,13,33,241.35,1,1,1
12414.0,99,3,390.0,9,195,130.0,1,1,0
12415.0,11,7,19543.84,176,14073,2791.977142857143,0,0,0
12416.0,292,1,202.56,11,132,202.56,1,1,1
12417.0,46,11,3167.81,145,1338,287.9827272727273,0,0,0
12418.0,49,3,1352.62,63,681,450.8733333333333,0,0,0
12419.0,21,2,503.01,23,231,251.505,1,1,1
12421.0,51,2,291.56,18,168,145.78,1,1,1
12422.0,30,14,4428.24,110,2226,316.30285714285714,0,0,0
12423.0,23,2,763.08,38,454,381.54,0,0,1
12424.0,58,2,1579.07,60,1285,789.535,0,0,1
12425.0,84,1,964.21,55,651,964.21,0,0,1
12426.0,298,1,762.48,47,326,762.48,1,1,1
12427.0,7,1,303.5,10,79,303.5,1,1,1
12429.0,1,5,3735.51,70,1787,747.1020000000001,0,0,0
12431.0,9,13,4370.52,139,1811,336.1938461538462,0,0,0
12433.0,2,5,7205.39,165,6045,1441.078,0,0,0
12434.0,17,1,297.29,20,138,297.29,1,1,1
12435.0,32,4,6096.04,68,2903,1524.01,0,0,0
12437.0,31,21,7731.99,229,5078,368.19,0,0,0
12439.0,318,2,1158.18,69,484,579.09,0,0,1
12440.0,98,2,859.2,23,331,429.6,1,0,1
12441.0,2,1,173.55,11,121,173.55,1,1,1
12443.0,368,1,485.31,21,182,485.31,1,1,1
12445.0,56,1,301.58000000000004,20,144,301.58000000000004,1,1,1
12449.0,46,2,768.6,10,729,384.3,1,0,1
12450.0,35,3,490.32,25,314,163.44,1,1,0
12451.0,99,3,3634.36,148,2784,1211.4533333333334,0,0,0
12454.0,31,4,13151.44,9,6697,3287.86,0,0,0
12455.0,81,4,3413.09,121,1213,853.2725,0,0,0
12457.0,71,1,632.68,22,251,632.68,1,1,1
12458.0,63,2,830.09,44,480,415.045,1,0,1
12459.0,241,1,454.36,23,258,454.36,1,1,1
12460.0,92,1,326.65,18,170,326.65,1,1,1
12466.0,318,1,56.73,1,1,56.73,1,1,1
12467.0,59,1,132.8,9,129,132.8,1,1,1
12468.0,162,3,2941.2,102,1835,980.4,0,0,0
12469.0,158,2,3070.54,76,2552,1535.27,0,0,1
12470.0,325,1,211.95,23,95,211.95,1,1,1
12471.0,10,49,20139.739999999998,174,8670,411.01510204081626,0,0,0
12472.0,5,13,11308.48,340,7202,869.8830769230769,0,0,0
12474.0,14,13,5048.66,203,3107,388.35846153846154,0,0,0
12475.0,45,1,426.26,25,236,426.26,1,1,1
12476.0,32,12,7298.99,231,3237,608.2491666666666,0,0,0
12477.0,35,3,7056.63,226,2466,2352.21,0,0,0
12480.0,35,3,2183.2200000000003,79,1245,727.7400000000001,0,0,0
12481.0,1,6,6765.07,143,3949,1127.5116666666665,0,0,0
12482.0,212,29,23691.4,42,27042,816.944827586207,0,0,0
12483.0,14,11,2635.6,37,1062,239.6,0,0,0
12484.0,119,6,1828.43,110,1080,304.73833333333334,0,0,0
12485.0,165,1,708.1,34,414,708.1,1,1,1
12486.0,67,1,1037.28,49,523,1037.28,0,0,1
12487.0,366,1,285.29999999999995,2,174,285.29999999999995,1,1,1
12490.0,14,11,4405.71,130,2842,400.5190909090909,0,0,0
12492.0,39,1,452.0,22,252,452.0,1,1,1
12494.0,1,3,626.77,28,281,208.92333333333332,0,0,0
12495.0,276,1,357.4,17,130,357.4,1,1,1
12496.0,256,2,54.09,10,33,27.045,1,1,0
12497.0,36,2,5205.400000000001,32,4449,2602.7000000000003,0,0,1
12499.0,196,1,393.72,27,302,393.72,1,1,1
12500.0,71,8,1697.39,65,699,212.17375,0,0,0
12503.0,220,1,1126.0,2,561,1126.0,1,0,1
12504.0,53,2,297.0,8,368,148.5,1,1,1
12505.0,44,1,955.2,42,324,955.2,0,0,1
12507.0,220,1,539.25,28,362,539.25,1,1,1
12510.0,95,7,4195.45,89,1696,599.35,0,0,0
12511.0,64,1,3084.02,190,1753,3084.02,0,0,1
12514.0,277,1,580.08,31,400,580.08,1,1,1
12516.0,66,2,1336.56,44,1077,668.28,0,0,1
12519.0,112,1,385.7,22,212,385.7,1,1,1
12523.0,10,12,2582.38,107,1410,215.19833333333335,0,0,0
12524.0,24,9,6640.39,67,3479,737.8211111111111,0,0,0
12525.0,134,3,973.73,56,509,324.57666666666665,0,0,0
12527.0,130,2,386.8,13,292,193.4,1,1,1
12529.0,164,1,316.48,21,192,316.48,1,1,1
12530.0,51,5,2096.98,69,1800,419.396,0,0,0
12531.0,322,1,1807.98,110,1074,1807.98,0,0,1
12533.0,263,2,1367.89,63,704,683.945,0,0,1
12537.0,44,1,732.94,43,449,732.94,1,0,1
12538.0,14,1,276.5,13,145,276.5,1,1,1
12539.0,86,3,5646.400000000001,127,2468,1882.1333333333334,0,0,0
12540.0,14,16,8854.25,176,4334,553.390625,0,0,0
12542.0,120,2,481.88,39,522,240.94,1,0,1
12543.0,84,1,980.25,43,688,980.25,0,0,1
12547.0,136,1,175.78,13,175,175.78,1,1,1
12549.0,211,6,1575.68,40,1366,262.61333333333334,0,0,0
12553.0,21,2,916.47,42,360,458.235,0,0,1
12554.0,84,1,468.5,26,240,468.5,1,1,1
12555.0,318,1,129.23,1,1,129.23,1,1,1
12557.0,7,4,6725.18,17,2398,1681.295,0,0,0
12562.0,21,2,1185.18,33,548,592.59,0,0,1
12563.0,44,1,249.24,13,113,249.24,1,1,1
12567.0,3,7,4308.58,152,1781,615.5114285714286,0,0,0
12568.0,280,1,70.0,5,48,70.0,1,1,1
12570.0,318,1,77.52,1,1,77.52,1,1,1
12573.0,17,4,556.87,83,395,139.2175,0,0,0
12575.0,93,2,622.8199999999999,34,315,311.40999999999997,1,0,1
12576.0,28,3,826.89,51,527,275.63,0,0,0
12577.0,17,5,995.9499999999999,144,725,199.19,0,0,0
12578.0,21,2,1847.94,53,1184,923.97,0,0,1
12580.0,212,1,637.2,34,331,637.2,1,1,1
12582.0,58,2,1469.04,81,685,734.52,0,0,1
12583.0,9,13,7166.0599999999995,99,3924,551.2353846153845,0,0,0
12586.0,10,3,1865.73,77,608,621.91,0,0,0
12588.0,35,3,743.88,28,385,247.96,1,0,0
12589.0,57,6,4048.98,104,1458,674.83,0,0,0
12591.0,26,2,899.3,39,449,449.65,0,0,1
12592.0,155,3,2145.06,42,1585,715.02,0,0,0
12594.0,14,5,1751.89,63,991,350.37800000000004,0,0,0
12595.0,140,1,299.02,19,271,299.02,1,1,1
12598.0,99,3,1511.01,70,942,503.67,0,0,0
12599.0,17,6,1264.14,42,1233,210.69000000000003,0,0,0
12600.0,7,12,2444.88,33,640,203.74,0,0,0
12601.0,40,1,104.19999999999999,6,45,104.19999999999999,1,1,1
12605.0,12,4,1232.95,63,929,308.2375,0,0,0
12606.0,318,1,21.0,1,1,21.0,1,1,1
12608.0,40,1,415.79,16,323,415.79,1,1,1
12609.0,10,6,2309.01,87,905,384.83500000000004,0,0,0
12613.0,24,5,3490.69,137,2519,698.138,0,0,0
12615.0,49,4,3449.79,150,1941,862.4475,0,0,0
12616.0,24,1,417.8,22,214,417.8,1,1,1
12619.0,196,1,140.14,10,140,140.14,1,1,1
12621.0,1,16,11086.14,166,6493,692.88375,0,0,0
12623.0,52,6,3442.7400000000002,116,1780,573.7900000000001,0,0,0
12625.0,145,2,2481.06,87,1697,1240.53,0,0,1
12629.0,21,2,1558.22,40,722,779.11,0,0,1
12631.0,92,5,2841.07,108,1371,568.214,0,0,0
12632.0,156,2,804.88,32,694,402.44,1,0,1
12633.0,18,3,3514.18,183,2076,1171.3933333333332,0,0,0
12634.0,171,2,490.0,20,337,245.0,1,1,1
12635.0,28,2,1241.23,77,777,620.615,0,0,1
12636.0,374,1,141.0,1,1,141.0,1,1,1
12637.0,14,4,2318.41,170,1282,579.6025,0,0,0
12638.0,275,1,249.8,9,86,249.8,1,1,1
12639.0,70,2,826.27,41,430,413.135,1,0,1
12643.0,21,6,5005.78,17,2977,834.2966666666666,0,0,0
12644.0,66,3,1440.58,79,707,480.1933333333333,0,0,0
12645.0,45,4,1764.12,73,1041,441.03,0,0,0
12647.0,3,27,14201.53,243,5447,525.9825925925926,0,0,0
12648.0,73,3,793.95,33,358,264.65000000000003,1,0,0
12649.0,18,5,1671.1399999999999,77,1373,334.22799999999995,0,0,0
12651.0,14,3,263.75,21,187,87.91666666666667,1,1,0
12652.0,70,1,97.05000000000001,3,31,97.05000000000001,1,1,1
12653.0,162,1,1950.98,43,762,1950.98,0,0,1
12655.0,59,1,261.35,16,80,261.35,1,1,1
12656.0,61,3,2356.66,108,1137,785.5533333333333,0,0,0
12661.0,72,1,162.0,11,216,162.0,1,1,1
12662.0,9,10,3138.2400000000002,98,1523,313.824,0,0,0
12663.0,260,2,239.4,9,181,119.7,1,1,1
12664.0,150,2,1188.16,4,292,594.08,1,1,1
12665.0,53,2,250.6,13,128,125.3,1,1,1
12666.0,30,1,1248.42,31,370,1248.42,0,0,1
12668.0,14,6,7637.53,254,3442,1272.9216666666666,0,0,0
12670.0,21,2,764.24,21,230,382.12,1,0,1
12671.0,242,1,2622.481,45,1460,2622.481,0,0,1
12672.0,231,1,211.15,12,60,211.15,1,1,1
12673.0,37,1,619.5,32,349,619.5,1,1,1
12675.0,189,2,958.5,110,337,479.25,0,0,1
12676.0,44,5,1511.7,49,1197,302.34000000000003,0,0,0
12677.0,191,2,395.1,14,176,197.55,1,1,1
12678.0,11,9,16652.72,151,11449,1850.3022222222223,0,0,0
12681.0,3,24,17080.74,376,10060,711.6975000000001,0,0,0
12682.0,1,23,11745.69,237,5443,510.6821739130435,0,0,0
12683.0,1,8,4220.21,152,2696,527.52625,0,0,0
12686.0,7,1,89.14,7,107,89.14,1,1,1
12687.0,116,2,2138.91,126,1403,1069.455,0,0,1
12691.0,56,1,134.6,7,51,134.6,1,1,1
12692.0,273,1,110.95,13,36,110.95,1,1,1
12693.0,32,3,847.11,35,281,282.37,1,0,0
12694.0,57,1,973.68,46,846,973.68,0,0,1
12695.0,164,3,825.02,28,234,275.00666666666666,1,0,0
12696.0,70,2,851.91,43,564,425.955,0,0,1
12698.0,226,1,339.75,16,111,339.75,1,1,1
12699.0,53,1,638.11,41,373,638.11,1,0,1
12701.0,165,4,1648.7,80,1049,412.175,0,0,0
12703.0,269,3,722.98,44,431,240.99333333333334,1,0,0
12705.0,19,5,4893.81,207,3191,978.7620000000001,0,0,0
12708.0,4,9,2601.19,89,1214,289.0211111111111,0,0,0
12709.0,2,20,21356.82,163,10047,1067.841,0,0,0
12711.0,247,2,1339.05,56,770,669.525,0,0,1
12712.0,1,10,2797.53,101,1287,279.75300000000004,0,0,0
12714.0,24,7,9384.85,347,5705,1340.6928571428573,0,0,0
12717.0,226,1,277.93,16,94,277.93,1,1,1
12720.0,5,6,2478.94,137,1645,413.1566666666667,0,0,0
12721.0,21,2,1356.95,74,696,678.475,0,0,1
12724.0,19,3,1286.11,67,934,428.7033333333333,0,0,0
12725.0,7,4,2266.76,97,1142,566.69,0,0,0
12726.0,23,4,1405.5,34,1475,351.375,0,0,0
12727.0,78,3,1698.8300000000002,44,734,566.2766666666668,0,0,0
12728.0,19,1,233.84,15,124,233.84,1,1,1
12730.0,157,1,829.25,47,234,829.25,1,1,1
12731.0,78,5,6879.8,78,3204,1375.96,0,0,0
12733.0,25,3,2040.92,110,759,680.3066666666667,0,0,0
12734.0,10,2,529.25,13,177,264.625,1,1,1
12737.0,134,2,3710.5,2,2,1855.25,1,1,1
12738.0,8,1,155.35,11,148,155.35,1,1,1
12739.0,21,2,1713.69,51,465,856.845,0,0,1
12741.0,165,2,406.07,16,214,203.035,1,1,1
12742.0,261,1,1201.52,67,1359,1201.52,0,0,1
12744.0,95,4,4037.77,110,1753,1009.4425,0,0,0
12745.0,122,3,925.41,21,468,308.46999999999997,1,0,0
12746.0,176,1,254.55,17,97,254.55,1,1,1
12747.0,5,16,5080.53,71,1483,317.533125,0,0,0
12748.0,1,144,22879.66,1380,13361,158.8865277777778,0,0,0
12749.0,35,4,2806.48,121,889,701.62,0,0,0
12751.0,80,1,268.27,60,189,268.27,1,1,1
12755.0,1,10,5218.709999999999,31,2290,521.8709999999999,0,0,0
12758.0,95,5,7111.650000000001,152,4020,1422.3300000000002,0,0,0
12759.0,22,5,3489.3,157,2300,697.86,0,0,0
12760.0,91,1,347.8,21,198,347.8,1,1,1
12761.0,93,2,782.95,27,281,391.475,1,0,1
12763.0,5,1,320.08,16,196,320.08,1,1,1
12765.0,108,6,1404.58,49,1009,234.09666666666666,0,0,0
12766.0,2,3,3078.65,132,1800,1026.2166666666667,0,0,0
12767.0,11,1,949.82,43,598,949.82,0,0,1
12768.0,86,1,168.69000000000003,10,102,168.69000000000003,1,1,1
12770.0,92,1,1895.0,16,1100,1895.0,0,0,1
12771.0,121,1,282.3,15,104,282.3,1,1,1
12773.0,200,1,124.25,6,109,124.25,1,1,1
12774.0,171,1,98.7,6,53,98.7,1,1,1
12775.0,24,2,300.08,13,206,150.04,1,1,1
12776.0,303,1,55.5,4,46,55.5,1,1,1
12777.0,93,1,519.45,26,458,519.45,1,1,1
12778.0,32,3,953.45,55,910,317.81666666666666,0,0,0
12779.0,7,7,2740.91,86,1617,391.5585714285714,0,0,0
12780.0,234,1,337.4,20,285,337.4,1,1,1
12782.0,10,6,2287.32,96,931,381.22,0,0,0
12784.0,165,1,1230.33,72,582,1230.33,0,0,1
12785.0,171,2,788.45,36,322,394.225,1,0,1
12786.0,245,1,728.5,18,324,728.5,1,1,1
12787.0,49,1,398.52,24,249,398.52,1,1,1
12788.0,99,4,444.9,20,194,111.225,1,1,0
12789.0,148,2,181.5,2,32,90.75,1,1,1
12790.0,46,1,266.93,16,140,266.93,1,1,1
12791.0,9,6,863.51,17,353,143.91833333333332,0,0,0
12792.0,170,1,426.47,22,177,426.47,1,1,1
12793.0,7,2,471.85,23,231,235.925,1,0,1
12796.0,264,1,381.0,7,182,381.0,1,1,1
12797.0,1,2,552.08,27,215,276.04,0,0,1
12798.0,57,1,1533.8899999999999,25,3199,1533.8899999999999,0,0,1
12799.0,165,1,219.35,15,137,219.35,1,1,1
12800.0,106,3,584.25,31,284,194.75,1,0,0
12801.0,136,1,1071.82,50,505,1071.82,0,0,1
12802.0,78,6,1988.84,89,1658,331.4733333333333,0,0,0
12803.0,29,1,1092.81,55,872,1092.81,0,0,1
12804.0,101,2,327.02,60,271,163.51,1,1,1
12805.0,17,4,1434.95,49,593,358.7375,0,0,0
12806.0,71,4,2878.96,58,2087,719.74,0,0,0
12807.0,19,1,330.35,16,145,330.35,1,1,1
12808.0,4,3,422.45,26,187,140.81666666666666,1,0,0
12809.0,201,2,1266.63,53,298,633.315,1,0,1
12810.0,170,2,534.99,32,389,267.495,1,0,1
12811.0,14,2,519.05,23,205,259.525,1,1,1
12813.0,137,3,1687.8,37,1141,562.6,0,0,0
12817.0,35,2,524.94,16,166,262.47,1,0,1
12819.0,94,1,540.52,19,344,540.52,1,1,1
12820.0,33,7,1747.18,88,1242,249.59714285714287,0,0,0
12821.0,247,1,128.07999999999998,7,92,128.07999999999998,1,1,1
12823.0,30,13,4742.0,2,700,364.7692307692308,0,0,0
12825.0,157,2,518.63,20,139,259.315,1,1,1
12826.0,1,6,1481.03,54,937,246.83833333333334,0,0,0
12829.0,186,1,92.30000000000001,8,174,92.30000000000001,1,1,1
12831.0,99,2,236.06,13,168,118.03,1,1,1
12835.0,63,41,6043.31,159,2357,147.3978048780488,0,0,0
12836.0,25,11,3972.76,177,1172,361.16,0,0,0
12837.0,205,1,554.31,73,185,554.31,1,1,1
12838.0,9,9,2715.35,177,1486,301.7055555555555,0,0,0
12839.0,3,13,4480.31,117,3042,344.6392307692308,0,0,0
12840.0,73,3,1315.2,58,747,438.40000000000003,0,0,0
12841.0,5,17,3518.33,155,2657,206.96058823529413,0,0,0
12842.0,40,2,799.0,13,340,399.5,1,0,1
12843.0,18,22,4886.15,80,2250,222.09772727272727,0,0,0
12844.0,78,2,322.64,47,98,161.32,1,1,1
12846.0,318,1,15.58,1,1,15.58,1,1,1
12847.0,23,1,765.36,34,624,765.36,0,0,1
12848.0,311,1,208.0,16,58,208.0,1,1,1
12849.0,17,4,2039.67,80,1259,509.9175,0,0,0
12850.0,81,1,330.0,2,200,330.0,1,1,1
12851.0,113,1,148.95,30,51,148.95,1,1,1
12853.0,63,5,1950.4,60,868,390.08000000000004,0,0,0
12854.0,197,4,1669.52,120,1008,417.38,0,0,0
12855.0,8,4,612.84,65,240,153.21,0,0,0
12857.0,72,4,2581.6,49,1077,645.4,0,0,0
12858.0,19,1,177.92,36,63,177.92,1,1,1
12859.0,94,1,575.1,21,292,575.1,1,1,1
12860.0,329,1,55.47,16,27,55.47,1,1,1
12861.0,255,1,68.25,4,27,68.25,1,1,1
12862.0,61,2,1008.3199999999999,119,613,504.15999999999997,0,0,1
12863.0,15,5,2271.35,23,707,454.27,0,0,0
12864.0,144,1,152.45,4,231,152.45,1,1,1
12865.0,14,2,1755.24,95,1048,877.62,0,0,1
12866.0,110,2,668.23,34,382,334.115,1,0,1
12867.0,33,6,3876.47,273,3641,646.0783333333333,0,0,0
12868.0,9,3,640.0,30,354,213.33333333333334,0,0,0
12869.0,317,1,337.66999999999996,35,144,337.66999999999996,1,1,1
12870.0,11,3,1676.95,85,906,558.9833333333333,0,0,0
12871.0,75,1,363.38,7,284,363.38,1,1,1
12872.0,1,11,3085.52,205,1536,280.5018181818182,0,0,0
12873.0,33,2,1653.3,30,658,826.65,0,0,1
12874.0,21,2,948.42,44,623,474.21,0,0,1
12875.0,107,3,1013.76,2,3168,337.92,1,0,0
12876.0,30,2,1863.77,72,1106,931.885,0,0,1
12877.0,37,8,1419.4,78,1084,177.425,0,0,0
12880.0,17,2,640.13,34,279,320.065,1,0,1
12887.0,19,1,222.4,13,100,222.4,1,1,1
12889.0,17,4,385.46000000000004,25,124,96.36500000000001,1,1,0
12890.0,23,1,336.8,56,207,336.8,1,1,1
12891.0,94,8,509.5,3,1375,63.6875,1,0,0
12892.0,32,1,263.38,18,140,263.38,1,1,1
12894.0,211,1,157.35,21,33,157.35,1,1,1
12897.0,17,2,297.75,9,139,148.875,1,1,1
12898.0,99,2,310.96000000000004,27,240,155.48000000000002,1,1,1
12899.0,49,1,366.4,17,108,366.4,1,1,1
12900.0,58,1,340.33,13,139,340.33,1,1,1
12903.0,64,1,833.53,41,493,833.53,1,0,1
12905.0,212,2,1018.42,52,532,509.21,1,0,1
12907.0,31,2,508.91,23,177,254.455,1,1,1
12908.0,16,3,1026.0,1,1800,342.0,1,0,0
12909.0,60,3,924.52,56,668,308.17333333333335,0,0,0
12910.0,15,5,2721.48,39,1940,544.296,0,0,0
12911.0,187,1,1680.47,220,820,1680.47,0,0,1
12913.0,4,9,4217.2300000000005,27,1813,468.58111111111117,0,0,0
12914.0,36,1,223.98,9,336,223.98,1,1,1
12915.0,8,3,811.1,42,359,270.3666666666667,0,0,0
12916.0,78,3,1647.87,51,655,549.29,0,0,0
12917.0,36,5,3765.2,44,984,753.04,0,0,0
12918.0,262,1,10953.5,1,1,10953.5,1,1,1
12920.0,207,3,323.86,32,292,107.95333333333333,1,1,0
12921.0,2,39,19333.95,233,12182,495.7423076923077,0,0,0
12923.0,26,2,612.9,28,168,306.45,1,0,1
12924.0,29,8,1535.7,37,942,191.9625,0,0,0
12925.0,228,1,35.28,5,108,35.28,1,1,1
12926.0,47,4,1548.46,205,766,387.115,0,0,0
12927.0,30,1,197.31,11,145,197.31,1,1,1
12928.0,14,7,2242.19,64,1427,320.3128571428571,0,0,0
12931.0,16,42,50291.38,21,34902,1197.4138095238095,0,0,0
12932.0,175,8,1698.56,69,1609,212.32,0,0,0
12933.0,16,5,1079.5,152,460,215.9,0,0,0
12934.0,372,1,181.65,2,31,181.65,1,1,1
12935.0,11,8,2083.16,70,1348,260.395,0,0,0
12937.0,99,5,1593.34,71,976,318.668,0,0,0
12939.0,15,12,13683.0,13,5452,1140.25,0,0,0
12941.0,360,1,377.49,27,381,377.49,1,1,1
12942.0,1,1,258.75,16,69,258.75,1,1,1
12943.0,194,2,496.5,22,222,248.25,1,1,1
12945.0,292,1,437.16,28,281,437.16,1,1,1
12946.0,72,1,324.45,20,149,324.45,1,1,1
12947.0,9,1,304.04,17,184,304.04,1,1,1
12948.0,366,2,252.48000000000002,7,224,126.24000000000001,1,1,1
12949.0,18,14,11359.48,264,5852,811.3914285714285,0,0,0
12951.0,22,9,2149.65,86,1159,238.85000000000002,0,0,0
12953.0,158,1,498.96000000000004,31,280,498.96000000000004,1,1,1
12954.0,274,1,162.45,10,83,162.45,1,1,1
12956.0,320,3,413.82,23,306,137.94,1,1,0
12957.0,177,5,4689.43,223,2137,937.8860000000001,0,0,0
12958.0,36,2,539.49,45,131,269.745,1,1,1
12959.0,120,1,150.95,8,109,150.95,1,1,1
12960.0,49,4,1322.07,52,1379,330.5175,0,0,0
12961.0,15,1,211.99,37,180,211.99,1,1,1
12963.0,1,5,1744.96,75,928,348.992,0,0,0
12964.0,73,1,132.24,26,56,132.24,1,1,1
12967.0,7,2,2646.02,47,834,1323.01,0,0,1
12969.0,238,1,122.45,5,55,122.45,1,1,1
12970.0,16,6,1072.73,179,704,178.78833333333333,0,0,0
12971.0,2,33,4782.88,48,5298,144.93575757575758,0,0,0
12972.0,49,4,1161.2,69,844,290.3,0,0,0
12973.0,49,1,385.55,6,31,385.55,1,1,1
12974.0,201,1,264.15,24,80,264.15,1,1,1
12975.0,72,6,2100.09,99,911,350.01500000000004,0,0,0
12976.0,14,7,2417.7799999999997,104,2123,345.3971428571428,0,0,0
12977.0,137,3,478.39,45,119,159.46333333333334,1,1,0
12978.0,21,5,2502.82,127,1394,500.564,0,0,0
12979.0,365,1,517.7,56,520,517.7,1,1,1
12980.0,22,12,8870.880000000001,7,1024,739.2400000000001,0,0,0
12982.0,30,7,2354.27,118,1441,336.32428571428574,0,0,0
12983.0,234,1,490.08000000000004,30,638,490.08000000000004,1,1,1
12986.0,64,10,2729.84,62,1164,272.98400000000004,0,0,0
12987.0,56,3,753.51,36,366,251.17,1,0,0
12989.0,60,18,6627.64,12,3992,368.20222222222225,0,0,0
12990.0,53,4,546.0,7,280,136.5,1,0,0
12991.0,25,1,261.06,14,78,261.06,1,1,1
12992.0,361,1,93.35000000000001,6,21,93.35000000000001,1,1,1
12993.0,81,4,844.87,45,511,211.2175,0,0,0
12996.0,11,1,355.5,22,122,355.5,1,1,1
12997.0,30,4,884.02,32,522,221.005,0,0,0
12998.0,128,3,920.08,58,1124,306.6933333333333,0,0,0
13000.0,361,1,497.65000000000003,31,169,497.65000000000003,1,1,1
13001.0,40,20,14353.28,272,8034,717.664,0,0,0
13002.0,52,2,293.18,14,128,146.59,1,1,1
13004.0,22,18,5994.94,243,3946,333.0522222222222,0,0,0
13005.0,67,2,485.98,28,290,242.99,1,0,1
13007.0,215,1,175.25,11,59,175.25,1,1,1
13008.0,33,2,382.66,20,204,191.33,1,1,1
13009.0,308,1,234.0,4,120,234.0,1,1,1
13010.0,10,2,330.12,10,323,165.06,1,1,1
13011.0,8,1,50.550000000000004,3,13,50.550000000000004,1,1,1
13012.0,65,3,1310.99,54,739,436.99666666666667,0,0,0
13013.0,7,18,7814.83,238,4239,434.15722222222223,0,0,0
13014.0,68,1,1914.8,115,1074,1914.8,0,0,1
13015.0,74,6,3240.14,157,1918,540.0233333333333,0,0,0
13018.0,49,7,2485.46,123,1311,355.0657142857143,0,0,0
13019.0,15,6,1229.95,47,397,204.99166666666667,0,0,0
13020.0,198,2,618.96,37,278,309.48,1,0,1
13021.0,10,8,2270.86,93,1194,283.8575,0,0,0
13022.0,65,1,65.3,5,35,65.3,1,1,1
13023.0,164,1,759.13,36,299,759.13,1,1,1
13024.0,106,2,555.87,27,181,277.935,1,0,1
13025.0,367,1,323.39,13,241,323.39,1,1,1
13026.0,124,4,757.72,25,846,189.43,1,0,0
13027.0,21,13,10423.2,8,25800,801.7846153846154,0,0,0
13029.0,10,2,679.8,6,60,339.9,1,1,1
13030.0,4,1,427.74,50,204,427.74,1,0,1
13031.0,43,5,3419.27,274,2399,683.854,0,0,0
13032.0,28,7,1833.37,114,906,261.90999999999997,0,0,0
13033.0,65,1,30.0,2,15,30.0,1,1,1
13034.0,5,2,279.91,16,153,139.955,1,0,1
13035.0,67,1,442.32,15,282,442.32,1,1,1
13036.0,320,1,307.1,6,38,307.1,1,1,1
13037.0,35,9,3033.88,160,1699,337.09777777777776,0,0,0
13039.0,220,4,1010.73,42,290,252.6825,1,0,0
13041.0,86,4,799.13,26,335,199.7825,1,0,0
13042.0,234,3,1556.54,164,830,518.8466666666667,0,0,0
13044.0,128,10,4293.43,331,2124,429.343,0,0,0
13045.0,37,2,503.64,25,184,251.82,1,1,1
13046.0,92,1,319.94,21,241,319.94,1,1,1
13047.0,9,17,5557.62,123,2038,326.9188235294118,0,0,0
13048.0,72,5,2248.3,93,1467,449.66,0,0,0
13049.0,25,2,751.5600000000001,10,352,375.78000000000003,1,0,1
13050.0,2,19,6507.67,416,3458,342.50894736842105,0,0,0
13051.0,214,2,155.8,4,72,77.9,1,1,1
13052.0,56,6,2820.38,153,1232,470.06333333333333,0,0,0
13053.0,257,1,127.65,17,47,127.65,1,1,1
13055.0,65,1,1106.7,78,927,1106.7,0,0,1
13056.0,187,1,209.48,18,158,209.48,1,1,1
13057.0,166,3,722.09,34,466,240.6966666666667,1,0,0
13059.0,49,9,2119.77,152,829,235.53,0,0,0
13063.0,116,1,188.4,12,116,188.4,1,1,1
13064.0,186,2,561.25,19,154,280.625,1,1,1
13065.0,9,5,1055.05,49,381,211.01,0,0,0
13067.0,45,2,393.05,13,99,196.525,1,1,1
13069.0,5,16,5247.01,430,9519,327.938125,0,0,0
13070.0,95,3,522.9,13,262,174.29999999999998,1,1,0
13071.0,248,1,129.22,12,30,129.22,1,1,1
13073.0,47,2,418.08,25,261,209.04,1,1,1
13074.0,147,4,1378.74,26,826,344.685,0,0,0
13076.0,93,1,135.4,9,44,135.4,1,1,1
13077.0,2,8,2335.4,148,1922,291.925,0,0,0
13078.0,2,32,16904.510000000002,117,6553,528.2659375000001,0,0,0
13079.0,53,1,199.08,11,96,199.08,1,1,1
13080.0,37,3,222.65,11,73,74.21666666666667,1,1,0
13081.0,7,19,30867.77,549,22355,1624.6194736842106,0,0,0
13082.0,60,12,3722.12,48,4142,310.1766666666667,0,0,0
13083.0,61,1,91.67999999999999,4,120,91.67999999999999,1,1,1
13084.0,127,1,122.39999999999999,2,144,122.39999999999999,1,1,1
13085.0,315,6,2017.2,34,728,336.2,0,0,0
13086.0,18,1,439.33000000000004,47,155,439.33000000000004,1,0,1
13087.0,362,1,313.64,15,86,313.64,1,1,1
13088.0,53,1,236.11,19,76,236.11,1,1,1
13089.0,4,109,57912.03,498,29159,531.3030275229357,0,0,0
13090.0,1,13,5192.27,92,1182,399.40538461538466,0,0,0
13091.0,365,2,1976.0,24,873,988.0,0,1,1
13092.0,50,7,1662.45,43,385,237.49285714285716,0,0,0
13093.0,9,48,47111.18,189,22266,981.4829166666667,0,0,0
13094.0,4,2,505.8,5,372,252.9,1,0,1
13096.0,30,1,419.70000000000005,1,6,419.70000000000005,1,1,1
13097.0,24,18,7378.8,284,3033,409.93333333333334,0,0,0
13101.0,134,3,594.21,41,365,198.07000000000002,1,0,0
13102.0,1,14,5272.83,115,2372,376.6307142857143,0,0,0
13103.0,73,2,465.70000000000005,21,344,232.85000000000002,1,0,1
13104.0,51,3,610.62,5,330,203.54,1,0,0
13105.0,72,1,72.0,1,100,72.0,1,1,1
13106.0,49,1,526.96,15,213,526.96,1,1,1
13107.0,49,5,3721.45,103,3023,744.29,0,0,0
13108.0,8,2,748.46,27,745,374.23,0,0,1
13109.0,187,1,347.49,23,237,347.49,1,1,1
13110.0,73,5,1468.8000000000002,79,375,293.76000000000005,0,0,0
13111.0,354,1,321.88000000000005,12,180,321.88000000000005,1,1,1
13112.0,177,1,20.6,2,11,20.6,1,1,1
13113.0,2,14,6379.7699999999995,113,1500,455.6978571428571,0,0,0
13114.0,366,1,234.38,16,74,234.38,1,1,1
13115.0,15,6,3199.92,141,2367,533.32,0,0,0
13117.0,1,12,1658.8999999999999,90,1122,138.24166666666665,0,0,0
13118.0,12,4,1217.6,57,424,304.4,0,0,0
13119.0,304,1,134.9,11,110,134.9,1,1,1
13123.0,108,2,506.75,38,268,253.375,1,0,1
13124.0,21,1,916.12,56,636,916.12,0,0,1
13125.0,159,1,158.57,20,54,158.57,1,1,1
13126.0,2,7,1898.6100000000001,78,1266,271.23,0,0,0
13128.0,267,1,263.5,1,31,263.5,1,1,1
13129.0,88,2,233.25,10,296,116.625,1,1,1
13131.0,54,4,2240.47,97,1076,560.1175,0,0,0
13133.0,95,1,90.65,5,23,90.65,1,1,1
13134.0,38,2,681.65,21,305,340.825,1,0,1
13135.0,127,1,275.45,17,123,275.45,1,1,1
13136.0,11,8,3666.9500000000003,149,1781,458.36875000000003,0,0,0
13137.0,22,8,4062.29,417,2068,507.78625,0,0,0
13138.0,8,2,504.85,29,245,252.425,1,0,1
13139.0,73,1,3138.04,95,2189,3138.04,0,0,1
13140.0,2,3,791.96,68,462,263.9866666666667,0,0,0
13141.0,21,12,5279.83,235,3621,439.98583333333335,0,0,0
13143.0,220,1,405.1,23,198,405.1,1,1,1
13144.0,67,1,24.4,3,8,24.4,1,1,1
13145.0,8,4,805.0,2,121,201.25,1,0,0
13148.0,25,14,4914.6900000000005,298,2596,351.04928571428576,0,0,0
13150.0,120,3,449.96999999999997,7,171,149.98999999999998,1,1,0
13151.0,261,2,1322.8700000000001,71,469,661.4350000000001,0,0,1
13152.0,53,7,2146.38,115,977,306.6257142857143,0,0,0
13154.0,35,3,1624.84,81,976,541.6133333333333,0,0,0
13155.0,4,3,778.42,68,412,259.4733333333333,0,0,0
13156.0,21,3,1586.54,96,914,528.8466666666667,0,0,0
13157.0,45,5,3946.14,122,3323,789.228,0,0,0
13158.0,24,1,307.12,21,208,307.12,1,1,1
13161.0,136,1,366.13,25,77,366.13,1,1,1
13162.0,16,12,7587.2,128,4042,632.2666666666667,0,0,0
13163.0,246,1,17.65,2,3,17.65,1,1,1
13164.0,205,2,372.2,7,120,186.1,1,1,1
13165.0,49,1,429.68,7,360,429.68,1,1,1
13166.0,50,1,466.98,27,311,466.98,1,1,1
13167.0,26,1,333.82,16,222,333.82,1,1,1
13168.0,178,1,556.12,45,230,556.12,1,1,1
13169.0,198,1,127.2,5,24,127.2,1,1,1
13172.0,36,1,69.6,1,48,69.6,1,1,1
13173.0,3,10,2285.7,149,1343,228.57,0,0,0
13174.0,5,10,6677.81,548,3146,667.7810000000001,0,0,0
13175.0,218,2,831.45,40,423,415.725,1,0,1
13177.0,66,1,229.75,13,89,229.75,1,1,1
13178.0,33,10,8333.72,177,5208,833.372,0,0,0
13179.0,254,1,572.3100000000001,34,368,572.3100000000001,1,1,1
13180.0,243,1,86.10000000000001,4,42,86.10000000000001,1,1,1
13181.0,17,1,359.69,19,171,359.69,1,1,1
13183.0,30,6,3078.4,31,1819,513.0666666666667,0,0,0
13187.0,260,3,130.99,14,280,43.663333333333334,1,1,0
13190.0,180,3,570.66,16,308,190.22,1,1,0
13191.0,294,1,164.69,58,115,164.69,1,1,1
13192.0,171,4,1646.6399999999999,92,1034,411.65999999999997,0,0,0
13194.0,57,1,412.08,7,300,412.08,1,1,1
13195.0,50,1,172.38,43,83,172.38,1,1,1
13196.0,79,3,1271.06,74,782,423.68666666666667,0,0,0
13197.0,245,1,373.01000000000005,19,204,373.01000000000005,1,1,1
13198.0,23,2,1572.99,81,801,786.495,0,0,1
13199.0,2,30,6615.77,27,5843,220.5256666666667,0,0,0
13201.0,138,4,1240.6100000000001,65,1039,310.15250000000003,0,0,0
13202.0,30,7,1580.3,55,572,225.75714285714284,0,0,0
13203.0,22,6,1778.79,106,1613,296.465,0,0,0
13204.0,367,1,966.6600000000001,57,428,966.6600000000001,1,0,1
13205.0,79,1,2803.2,1,256,2803.2,1,0,1
13206.0,36,13,8377.32,397,7155,644.4092307692307,0,0,0
13207.0,87,2,285.6,4,48,142.8,1,1,1
13208.0,85,3,764.6,93,541,254.86666666666667,0,0,0
13209.0,150,5,2617.9,42,1528,523.58,0,0,0
13211.0,17,7,1531.9,84,1016,218.84285714285716,0,0,0
13213.0,19,6,2330.94,109,1602,388.49,0,0,0
13214.0,53,7,3264.23,208,2966,466.31857142857143,0,0,0
13215.0,38,1,81.6,1,96,81.6,1,1,1
13217.0,291,1,132.5,1,250,132.5,1,1,1
13219.0,254,1,76.23,11,11,76.23,1,1,1
13220.0,211,1,516.8,32,200,516.8,1,1,1
13222.0,213,1,88.5,1,30,88.5,1,1,1
13223.0,59,4,805.9200000000001,5,480,201.48000000000002,1,0,0
13225.0,57,9,9796.23,57,3985,1088.47,0,0,0
13226.0,29,1,204.25,12,99,204.25,1,1,1
13230.0,1,17,3553.81,412,1970,209.04764705882351,0,0,0
13233.0,56,2,571.34,33,600,285.67,1,0,1
13234.0,308,2,356.95,56,162,178.475,1,1,1
13237.0,23,1,643.0,24,128,643.0,1,1,1
13238.0,66,2,305.9,12,144,152.95,1,1,1
13239.0,73,4,1265.1299999999999,68,824,316.28249999999997,0,0,0
13240.0,1,5,1074.87,133,561,214.974,0,0,0
13241.0,47,1,115.58,40,48,115.58,1,1,1
13242.0,87,4,429.0,12,220,107.25,1,1,0
13243.0,85,4,677.97,123,346,169.4925,0,0,0
13245.0,68,1,558.72,29,246,558.72,1,1,1
13246.0,29,5,1400.1299999999999,168,1213,280.02599999999995,0,0,0
13249.0,37,6,897.52,2,700,149.58666666666667,1,0,0
13250.0,96,2,256.04,18,108,128.02,1,1,1
13251.0,38,1,252.68,25,215,252.68,1,1,1
13252.0,30,2,399.3,19,134,199.65,1,1,1
13253.0,66,2,1920.71,39,1443,960.355,0,0,1
13254.0,12,1,51.410000000000004,4,43,51.410000000000004,1,1,1
13255.0,9,2,504.95,19,340,252.475,1,0,1
13257.0,72,1,149.75,7,33,149.75,1,1,1
13258.0,15,2,336.59999999999997,5,164,168.29999999999998,1,1,1
13259.0,33,8,1141.06,182,385,142.6325,0,0,0
13262.0,25,2,373.16,38,122,186.58,1,1,1
13263.0,29,4,1250.6200000000001,137,610,312.65500000000003,0,0,0
13264.0,78,1,722.5600000000001,38,375,722.5600000000001,1,0,1
13266.0,49,7,2300.78,82,2409,328.6828571428572,0,0,0
13267.0,2,18,5236.77,111,2135,290.9316666666667,0,0,0
13269.0,5,14,3545.47,117,3050,253.24785714285713,0,0,0
13270.0,2,1,590.0,1,200,590.0,1,0,1
13274.0,45,1,360.85,19,199,360.85,1,1,1
13275.0,19,2,241.66,48,140,120.83,1,1,1
13276.0,33,3,1348.33,182,694,449.4433333333333,0,0,0
13277.0,16,3,264.9,8,206,88.3,1,1,0
13278.0,35,3,893.12,49,821,297.70666666666665,0,0,0
13280.0,15,4,1507.77,117,973,376.9425,0,0,0
13281.0,75,1,350.85,22,201,350.85,1,1,1
13282.0,42,1,181.05,14,103,181.05,1,1,1
13283.0,203,2,279.7,13,114,139.85,1,1,1
13285.0,236,2,655.47,42,406,327.735,1,0,1
13286.0,236,1,734.91,46,274,734.91,1,1,1
13287.0,239,3,781.59,46,429,260.53000000000003,1,0,0
13288.0,79,5,927.61,7,379,185.522,1,0,0
13289.0,359,1,307.95,16,119,307.95,1,1,1
13290.0,74,1,208.63,1,1,208.63,1,1,1
13291.0,50,10,2959.73,138,1386,295.973,0,0,0
13292.0,51,3,415.57,28,183,138.52333333333334,1,1,0
13293.0,28,6,1192.94,54,555,198.82333333333335,0,0,0
13294.0,282,1,815.79,48,543,815.79,1,0,1
13295.0,12,3,900.77,49,651,300.25666666666666,0,0,0
13296.0,59,5,705.11,46,575,141.022,0,0,0
13297.0,21,3,2278.77,58,1731,759.59,0,0,0
13299.0,59,2,1076.2,56,386,538.1,0,0,1
13300.0,24,2,913.62,30,252,456.81,1,0,1
13302.0,162,1,95.45,2,7,95.45,1,1,1
13303.0,36,1,61.72,4,26,61.72,1,1,1
13304.0,91,3,917.57,49,478,305.8566666666667,0,0,0
13305.0,8,7,1753.85,110,1129,250.54999999999998,0,0,0
13306.0,66,1,53.65,4,74,53.65,1,1,1
13307.0,123,2,258.34,14,136,129.17,1,1,1
13308.0,232,1,284.86,17,230,284.86,1,1,1
13309.0,28,1,249.58,23,370,249.58,1,1,1
13310.0,16,2,409.17,23,229,204.585,1,1,1
13312.0,87,1,124.75,5,41,124.75,1,1,1
13313.0,115,7,1890.0,81,1457,270.0,0,0,0
13315.0,325,1,310.26,22,232,310.26,1,1,1
13316.0,28,6,7213.84,70,14424,1202.3066666666666,0,0,0
13317.0,21,13,4212.411,161,2114,324.0316153846154,0,0,0
13319.0,1,34,11236.95,236,4546,330.4985294117647,0,0,0
13320.0,70,2,679.4,37,423,339.7,1,0,1
13324.0,64,8,3391.52,23,3243,423.94,0,0,0
13326.0,68,1,281.76,13,140,281.76,1,1,1
13327.0,1,14,6251.71,137,2879,446.55071428571426,0,0,0
13329.0,2,7,4323.97,65,3023,617.71,0,0,0
13330.0,91,3,1665.25,53,1224,555.0833333333334,0,0,0
13331.0,37,1,262.4,12,54,262.4,1,1,1
13333.0,47,3,1015.74,54,685,338.58,0,0,0
13334.0,172,2,2726.93,184,1453,1363.465,0,0,1
13337.0,182,1,1575.26,87,980,1575.26,0,0,1
13338.0,177,3,1958.6,101,895,652.8666666666667,0,0,0
13340.0,53,5,11364.08,78,3866,2272.816,0,0,0
13346.0,98,6,299.4,4,180,49.9,1,1,0
13357.0,130,4,3228.41,243,1820,807.1025,0,0,0
13359.0,39,1,603.75,33,220,603.75,1,1,1
13360.0,67,4,1553.65,58,942,388.4125,0,0,0
13361.0,108,2,1450.5,30,324,725.25,0,0,1
13362.0,14,3,2303.33,106,1099,767.7766666666666,0,0,0
13363.0,45,1,731.36,42,436,731.36,1,0,1
13367.0,67,1,510.20000000000005,20,253,510.20000000000005,1,1,1
13368.0,50,2,498.1,22,279,249.05,1,0,1
13369.0,1,1,308.28000000000003,14,149,308.28000000000003,1,1,1
13370.0,7,1,754.87,39,343,754.87,0,0,1
13371.0,141,2,2297.66,78,1019,1148.83,0,0,1
13373.0,51,3,4274.94,185,2612,1424.9799999999998,0,0,0
13374.0,50,2,422.8,17,135,211.4,1,1,1
13375.0,80,1,1013.58,34,682,1013.58,0,0,1
13377.0,32,2,1552.88,73,748,776.44,0,0,1
13380.0,68,1,62.4,3,48,62.4,1,1,1
13381.0,15,6,4585.06,118,3096,764.1766666666667,0,0,0
13382.0,64,4,1164.59,61,732,291.1475,0,0,0
13383.0,179,1,305.28000000000003,1,288,305.28000000000003,1,1,1
13384.0,26,4,2528.9,81,1720,632.225,0,0,0
13386.0,50,2,835.46,25,514,417.73,1,0,1
13387.0,53,1,189.44,71,125,189.44,1,1,1
13388.0,239,1,508.55,34,419,508.55,1,1,1
13392.0,313,1,91.14,8,82,91.14,1,1,1
13393.0,219,4,1131.45,53,662,282.8625,0,0,0
13394.0,15,11,4101.68,182,2962,372.88000000000005,0,0,0
13395.0,36,2,872.51,56,1324,436.255,0,0,1
13397.0,73,5,1647.74,49,906,329.548,0,0,0
13398.0,84,1,213.0,13,60,213.0,1,1,1
13399.0,100,3,275.4,10,120,91.8,1,1,0
13400.0,218,1,310.83,23,284,310.83,1,1,1
13402.0,8,3,913.9000000000001,44,628,304.6333333333334,0,0,0
13403.0,23,2,154.5,6,70,77.25,1,1,1
13405.0,117,3,641.36,14,690,213.78666666666666,1,0,0
13406.0,63,2,568.92,8,292,284.46,1,0,1
13407.0,214,3,2244.7,85,1690,748.2333333333332,0,0,0
13408.0,7,46,23616.422,180,13267,513.4004782608696,0,0,0
13410.0,29,4,1198.9,18,726,299.725,0,0,0
13412.0,256,1,487.34999999999997,33,176,487.34999999999997,1,1,1
13413.0,275,6,429.44,38,455,71.57333333333334,1,1,0
13414.0,99,3,1103.64,27,1128,367.88000000000005,0,0,0
13415.0,108,4,800.67,85,502,200.1675,0,0,0
13416.0,372,1,228.3,7,66,228.3,1,1,1
13417.0,183,4,1028.66,35,370,257.165,1,0,0
13418.0,8,15,6106.17,173,3688,407.07800000000003,0,0,0
13421.0,42,6,2252.04,130,1239,375.34,0,0,0
13423.0,64,1,217.03,12,141,217.03,1,1,1
13424.0,85,1,572.77,40,529,572.77,1,0,1
13425.0,144,2,1779.42,87,1259,889.71,0,0,1
13426.0,18,12,4526.06,113,2623,377.1716666666667,0,0,0
13427.0,113,3,423.93,18,335,141.31,1,1,0
13428.0,150,2,281.51,66,210,140.755,1,1,1
13431.0,42,6,2047.14,76,898,341.19,0,0,0
13432.0,207,2,439.1,98,217,219.55,1,0,1
13433.0,137,4,658.3199999999999,24,190,164.57999999999998,1,0,0
13434.0,21,3,1132.6200000000001,14,564,377.54,0,0,0
13435.0,12,2,665.34,40,662,332.67,0,0,1
13438.0,183,1,46.5,1,10,46.5,1,1,1
13439.0,24,2,702.9,101,710,351.45,0,0,1
13440.0,59,7,1295.25,49,573,185.03571428571428,0,0,0
13441.0,67,1,424.26,25,316,424.26,1,1,1
13442.0,303,3,419.87,33,115,139.95666666666668,1,1,0
13443.0,84,6,1280.16,177,809,213.36,0,0,0
13444.0,10,2,631.6800000000001,51,337,315.84000000000003,0,0,1
13445.0,262,1,241.89999999999998,7,198,241.89999999999998,1,1,1
13446.0,66,11,3881.89,116,2403,352.8990909090909,0,0,0
13448.0,9,9,5701.5,251,2744,633.5,0,0,0
13450.0,10,7,2076.32,39,2336,296.6171428571429,0,0,0
13451.0,17,6,4214.77,380,3119,702.4616666666667,0,0,0
13452.0,108,1,139.8,1,4,139.8,1,1,1
13453.0,38,1,424.71,23,207,424.71,1,1,1
13454.0,277,1,219.87,23,198,219.87,1,1,1
13455.0,2,5,1847.59,74,631,369.518,0,0,0
13457.0,324,2,148.22,9,96,74.11,1,1,1
13458.0,15,2,2312.7,94,1252,1156.35,0,0,1
13459.0,260,2,1160.4099999999999,57,986,580.2049999999999,0,0,1
13461.0,43,3,2715.0,27,1962,905.0,0,0,0
13462.0,46,4,1002.35,56,635,250.5875,0,0,0
13464.0,30,5,2422.96,95,1037,484.592,0,0,0
13465.0,82,2,931.12,34,584,465.56,1,0,1
13466.0,44,4,705.45,36,401,176.3625,1,0,0
13468.0,4,38,7685.54,214,3235,202.25105263157894,0,0,0
13469.0,289,1,82.4,6,52,82.4,1,1,1
13472.0,99,2,592.24,24,310,296.12,1,0,1
13473.0,210,6,2235.12,44,734,372.52,0,0,0
13474.0,79,2,434.2,62,202,217.1,1,1,1
13476.0,42,3,823.0,40,296,274.3333333333333,1,0,0
13477.0,91,5,1379.59,65,1074,275.918,0,0,0
13478.0,105,5,2215.78,114,1189,443.15600000000006,0,0,0
13479.0,88,2,550.42,34,582,275.21,1,0,1
13480.0,52,2,627.82,40,362,313.91,1,0,1
13481.0,10,6,2026.28,89,913,337.7133333333333,0,0,0
13482.0,263,1,151.45,9,71,151.45,1,1,1
13484.0,19,2,476.92,31,180,238.46,1,1,1
13485.0,12,10,2564.98,119,1521,256.498,0,0,0
13487.0,141,2,271.47,13,97,135.735,1,1,1
13488.0,3,11,6619.57,194,3373,601.7790909090909,0,0,0
13490.0,290,1,154.25,8,25,154.25,1,1,1
13491.0,8,18,3350.7400000000002,108,1482,186.15222222222224,0,0,0
13495.0,4,6,3329.39,50,1845,554.8983333333333,0,0,0
13497.0,4,5,972.28,45,416,194.456,0,0,0
13498.0,366,1,327.38,17,362,327.38,1,1,1
13500.0,37,1,299.53,20,229,299.53,1,1,1
13501.0,122,2,1544.79,54,693,772.395,0,0,1
13502.0,51,2,488.5,14,226,244.25,1,0,1
13503.0,115,5,1688.54,148,870,337.70799999999997,0,0,0
13506.0,5,4,1180.68,50,850,295.17,0,0,0
13508.0,278,1,176.07999999999998,16,156,176.07999999999998,1,1,1
13509.0,143,1,135.0,5,108,135.0,1,1,1
13510.0,11,7,2766.73,142,1658,395.2471428571429,0,0,0
13511.0,312,1,282.76,5,60,282.76,1,1,1
13512.0,23,3,462.18,20,276,154.06,1,1,0
13513.0,77,2,619.49,24,255,309.745,1,0,1
13514.0,64,3,663.7,13,248,221.23333333333335,1,0,0
13515.0,85,2,374.7,17,138,187.35,1,1,1
13516.0,53,1,295.85,17,129,295.85,1,1,1
13519.0,78,1,220.46,11,110,220.46,1,1,1
13520.0,7,6,3285.05,67,1640,547.5083333333333,0,0,0
13523.0,2,2,1136.64,57,602,568.32,0,0,1
13526.0,374,2,1182.0,29,1911,591.0,0,0,1
13527.0,54,5,2396.23,153,1070,479.246,0,0,0
13530.0,270,1,402.97999999999996,18,272,402.97999999999996,1,1,1
13531.0,2,5,1254.72,49,426,250.94400000000002,0,0,0
13534.0,15,10,1850.82,59,908,185.082,0,0,0
13535.0,38,1,89.5,1,10,89.5,1,1,1
13537.0,61,2,717.85,39,337,358.925,1,0,1
13538.0,32,5,1831.88,105,788,366.37600000000003,0,0,0
13539.0,56,4,938.02,45,390,234.505,0,0,0
13540.0,103,3,632.39,27,189,210.79666666666665,1,0,0
13541.0,63,2,785.25,10,279,392.625,1,0,1
13542.0,12,17,4006.17,120,815,235.6570588235294,0,0,0
13543.0,270,2,1439.6100000000001,38,329,719.8050000000001,1,0,1
13544.0,47,4,537.59,151,231,134.3975,1,0,0
13545.0,26,2,374.64,54,257,187.32,1,1,1
13546.0,18,2,465.15,47,230,232.575,1,1,1
13547.0,44,1,175.53,44,82,175.53,1,1,1
13548.0,107,1,226.57999999999998,61,124,226.57999999999998,1,1,1
13549.0,23,1,87.6,8,96,87.6,1,1,1
13550.0,19,1,349.51,40,454,349.51,1,0,1
13551.0,302,1,152.39999999999998,1,24,152.39999999999998,1,1,1
13552.0,64,10,3238.85,89,1237,323.885,0,0,0
13553.0,310,1,517.8,85,206,517.8,1,1,1
13554.0,16,7,1638.28,156,581,234.04,0,0,0
13555.0,14,9,4849.91,179,2167,538.8788888888889,0,0,0
13556.0,65,2,200.82,8,134,100.41,1,1,1
13557.0,51,11,2448.2,109,1852,222.56363636363633,0,0,0
13559.0,148,2,990.0,1,360,495.0,1,1,1
13561.0,33,10,1678.86,121,1053,167.886,0,0,0
13562.0,37,5,3038.85,72,846,607.77,0,0,0
13564.0,4,35,15500.53,495,8590,442.87228571428574,0,0,0
13565.0,47,1,174.57999999999998,22,88,174.57999999999998,1,1,1
13566.0,70,3,833.41,162,691,277.80333333333334,0,0,0
13567.0,64,4,1083.69,180,645,270.9225,0,0,0
13569.0,3,3,520.03,103,238,173.34333333333333,0,0,0
13571.0,18,14,2454.2200000000003,165,1438,175.3014285714286,0,0,0
13573.0,15,4,622.07,52,357,155.5175,0,0,0
13574.0,47,1,421.25,84,316,421.25,1,0,1
13576.0,9,11,4834.400000000001,98,1968,439.49090909090916,0,0,0
13577.0,18,7,1801.68,61,870,257.3828571428572,0,0,0
13578.0,45,1,147.66,9,127,147.66,1,1,1
13579.0,5,4,1072.0,62,588,268.0,0,0,0
13580.0,42,1,107.75,5,45,107.75,1,1,1
13581.0,50,1,162.53,23,89,162.53,1,1,1
13582.0,25,2,241.68,10,106,120.84,1,1,1
13583.0,315,1,664.001,43,372,664.001,1,1,1
13584.0,134,2,250.05,55,326,125.025,1,1,1
13585.0,166,3,684.54,29,1386,228.17999999999998,1,0,0
13586.0,177,1,131.53,20,39,131.53,1,1,1
13587.0,85,3,961.1,21,484,320.3666666666667,1,0,0
13589.0,85,4,741.09,29,179,185.2725,1,0,0
13590.0,11,12,4367.67,236,3428,363.9725,0,0,0
13591.0,71,4,976.8100000000001,42,365,244.20250000000001,0,0,0
13593.0,23,9,3486.61,176,1459,387.4011111111111,0,0,0
13594.0,121,1,136.35000000000002,7,37,136.35000000000002,1,1,1
13595.0,152,3,818.22,116,353,272.74,0,0,0
13597.0,36,2,396.71,17,231,198.355,1,1,1
13598.0,131,4,609.42,46,343,152.355,1,0,0
13599.0,2,14,5013.96,113,3200,358.14,0,0,0
13600.0,270,1,298.9,21,275,298.9,1,1,1
13601.0,28,2,491.82,77,424,245.91,1,1,1
13602.0,17,3,596.28,30,271,198.76,1,1,0
13604.0,294,1,717.62,21,242,717.62,1,1,1
13605.0,23,2,522.67,50,425,261.335,1,0,1
13607.0,38,1,400.3,24,178,400.3,1,1,1
13608.0,176,1,236.2,31,113,236.2,1,1,1
13609.0,229,1,167.35,7,19,167.35,1,1,1
13610.0,23,7,1044.0,157,393,149.14285714285714,0,0,0
13611.0,10,7,2147.73,123,1236,306.81857142857143,0,0,0
13612.0,268,1,818.29,50,444,818.29,1,0,1
13613.0,88,5,1039.8500000000001,50,445,207.97000000000003,0,0,0
13614.0,29,2,748.73,67,258,374.365,0,0,1
13615.0,35,7,5854.84,270,2721,836.4057142857143,0,0,0
13616.0,204,2,288.1,31,175,144.05,1,1,1
13617.0,44,5,734.57,31,293,146.91400000000002,1,0,0
13619.0,180,2,231.69,39,84,115.845,1,1,1
13620.0,164,1,112.34,5,74,112.34,1,1,1
13622.0,332,1,658.95,32,379,658.95,1,1,1
13623.0,16,5,1818.71,154,729,363.742,0,0,0
13624.0,24,1,462.08,22,820,462.08,1,1,1
13625.0,232,1,301.26,21,144,301.26,1,1,1
13626.0,15,1,449.81,25,189,449.81,1,0,1
13627.0,124,2,607.43,37,363,303.715,1,0,1
13628.0,312,1,310.14,16,106,310.14,1,1,1
13629.0,49,8,5578.5,10,3350,697.3125,0,0,0
13632.0,30,3,1526.88,66,602,508.96000000000004,0,0,0
13634.0,10,11,3498.31,159,1392,318.0281818181818,0,0,0
13635.0,78,3,1928.1299999999999,89,1207,642.7099999999999,0,0,0
13639.0,72,1,312.93,19,197,312.93,1,1,1
13640.0,247,1,405.0,4,108,405.0,1,1,1
13641.0,276,5,1016.47,40,1098,203.294,0,0,0
13642.0,68,3,159.92,41,80,53.306666666666665,1,1,0
13643.0,18,7,1637.33,60,629,233.9042857142857,0,0,0
13646.0,35,2,326.25,58,79,163.125,1,1,1
13647.0,130,4,1393.56,52,908,348.39,0,0,0
13648.0,36,8,1764.02,96,960,220.5025,0,0,0
13649.0,2,5,1332.28,90,724,266.456,0,0,0
13650.0,10,4,1451.66,65,824,362.915,0,0,0
13651.0,17,1,132.65,8,29,132.65,1,1,1
13652.0,4,3,1475.77,91,992,491.92333333333335,0,0,0
13653.0,123,1,152.2,9,72,152.2,1,1,1
13654.0,16,5,3600.67,135,2580,720.134,0,0,0
13655.0,10,4,1347.54,55,620,336.885,0,0,0
13656.0,135,2,699.2,38,372,349.6,1,0,1
13658.0,19,4,3386.33,100,1152,846.5825,0,0,0
13659.0,52,10,3321.68,138,1645,332.168,0,0,0
13660.0,36,1,314.59,39,137,314.59,1,1,1
13661.0,239,1,325.24,17,118,325.24,1,1,1
13662.0,21,8,1352.35,78,636,169.04375,0,0,0
13663.0,16,4,1858.04,76,802,464.51,0,0,0
13665.0,22,3,1711.6599999999999,97,1652,570.5533333333333,0,0,0
13666.0,56,2,43.25,7,13,21.625,1,1,0
13668.0,19,14,6726.35,194,2391,480.4535714285715,0,0,0
13669.0,43,1,195.0,5,156,195.0,1,1,1
13671.0,30,1,194.95,61,107,194.95,1,1,1
13672.0,366,1,233.53000000000003,12,81,233.53000000000003,1,1,1
13674.0,68,1,240.68,14,102,240.68,1,1,1
13676.0,175,2,243.9,13,104,121.95,1,1,1
13677.0,40,2,556.1899999999999,99,218,278.09499999999997,1,1,1
13679.0,129,3,281.26,44,102,93.75333333333333,1,1,0
13680.0,107,8,7713.25,252,3316,964.15625,0,0,0
13683.0,93,1,258.6,10,180,258.6,1,1,1
13684.0,26,3,529.75,61,196,176.58333333333334,1,1,0
13686.0,16,2,337.04,23,308,168.52,1,1,1
13687.0,74,1,11880.84,45,87167,11880.84,0,0,1
13688.0,271,1,375.5,5,130,375.5,1,1,1
13689.0,80,1,349.5,3,210,349.5,1,1,1
13691.0,32,1,212.78,52,145,212.78,1,1,1
13692.0,44,2,1626.08,43,875,813.04,0,0,1
13693.0,10,9,2011.82,79,880,223.53555555555556,0,0,0
13694.0,9,94,131443.19,662,125893,1398.3318085106382,0,0,0
13695.0,213,1,266.6,6,188,266.6,1,1,1
13696.0,57,3,2020.4,24,552,673.4666666666667,0,0,0
13698.0,232,2,465.53000000000003,33,231,232.76500000000001,1,1,1
13699.0,186,1,455.57,23,153,455.57,1,1,1
13700.0,53,3,348.34,42,505,116.11333333333333,1,1,0
13701.0,82,1,161.0,9,80,161.0,1,1,1
13702.0,81,1,135.18,5,74,135.18,1,1,1
13703.0,51,1,326.06,35,118,326.06,1,1,1
13705.0,9,5,1323.47,43,646,264.694,0,0,0
13706.0,262,1,300.38,18,112,300.38,1,1,1
13707.0,65,3,2559.45,102,1859,853.15,0,0,0
13709.0,82,5,1263.7,66,614,252.74,0,0,0
13710.0,59,2,329.04,7,160,164.52,1,1,1
13711.0,42,7,1540.2,71,679,220.02857142857144,0,0,0
13712.0,246,1,537.58,23,776,537.58,1,1,1
13713.0,44,3,743.26,70,286,247.75333333333333,0,0,0
13714.0,101,1,161.35,30,50,161.35,1,1,1
13715.0,8,13,7403.95,240,4371,569.5346153846153,0,0,0
13717.0,93,2,318.29,21,185,159.145,1,1,1
13719.0,29,6,1773.57,149,990,295.59499999999997,0,0,0
13721.0,31,1,217.39999999999998,14,196,217.39999999999998,1,1,1
13722.0,56,7,3260.0,85,1658,465.7142857142857,0,0,0
13723.0,28,5,1009.35,46,586,201.87,0,0,0
13724.0,273,1,213.01,39,130,213.01,1,1,1
13727.0,247,6,746.57,55,208,124.42833333333334,1,0,0
13728.0,23,10,1839.03,65,811,183.903,0,0,0
13729.0,71,3,724.73,36,419,241.57666666666668,1,0,0
13733.0,46,2,487.03000000000003,28,335,243.51500000000001,1,0,1
13734.0,144,4,6701.640000000001,24,303,1675.4100000000003,0,0,0
13735.0,12,9,6927.9800000000005,281,3028,769.7755555555556,0,0,0
13736.0,61,5,2034.31,247,1055,406.86199999999997,0,0,0
13738.0,32,1,440.93,86,240,440.93,1,0,1
13739.0,163,1,75.3,3,22,75.3,1,1,1
13740.0,51,4,1247.02,65,566,311.755,0,0,0
13745.0,182,1,477.32,31,650,477.32,1,1,1
13746.0,49,1,176.69,9,83,176.69,1,1,1
13747.0,9,2,169.79999999999998,4,60,84.89999999999999,1,1,1
13748.0,9,5,1320.1,22,669,264.02,0,0,0
13750.0,16,6,1954.92,34,854,325.82,0,0,0
13752.0,163,1,404.45000000000005,19,131,404.45000000000005,1,1,1
13753.0,234,3,1353.31,37,938,451.1033333333333,0,0,0
13754.0,73,1,164.45000000000002,9,101,164.45000000000002,1,1,1
13756.0,3,10,4017.9800000000005,107,2253,401.79800000000006,0,0,0
13757.0,310,1,195.55,8,54,195.55,1,1,1
13758.0,2,10,6226.43,152,3224,622.643,0,0,0
13760.0,40,3,1076.85,54,426,358.95,0,0,0
13761.0,138,4,881.52,50,437,220.38,1,0,0
13762.0,229,4,2165.76,21,2336,541.44,0,0,0
13763.0,53,2,3502.48,35,2496,1751.24,0,0,1
13764.0,205,3,1431.5,141,1167,477.1666666666667,0,0,0
13765.0,289,1,352.821,17,297,352.821,1,1,1
13766.0,131,1,190.35,16,137,190.35,1,1,1
13767.0,5,39,18320.170000000002,110,7913,469.74794871794876,0,0,0
13768.0,362,2,875.97,30,373,437.985,1,0,1
13769.0,3,11,3003.9100000000003,82,1411,273.0827272727273,0,0,0
13770.0,58,4,785.37,48,468,196.3425,0,0,0
13771.0,169,5,3094.37,85,1663,618.874,0,0,0
13772.0,36,5,1982.09,305,910,396.418,0,0,0
13773.0,32,2,301.54,19,174,150.77,1,1,1
13775.0,226,1,1049.66,63,455,1049.66,1,0,1
13776.0,64,2,623.98,1,2,311.99,1,1,1
13777.0,2,37,30501.260000000002,39,13845,824.3583783783785,0,0,0
13778.0,127,3,945.79,27,441,315.2633333333333,1,0,0
13779.0,151,1,161.13,27,53,161.13,1,1,1
13780.0,43,1,375.81,35,163,375.81,1,1,1
13781.0,228,2,650.99,39,270,325.495,1,0,1
13782.0,89,7,881.72,106,278,125.96000000000001,0,0,0
13783.0,123,4,1542.09,4,3437,385.5225,0,0,0
13784.0,70,3,447.44,9,334,149.14666666666668,1,0,0
13785.0,64,4,542.49,27,151,135.6225,1,1,0
13786.0,3,6,3128.54,80,1516,521.4233333333333,0,0,0
13787.0,94,4,913.46,50,661,228.365,0,0,0
13788.0,141,1,3.75,1,1,3.75,1,1,1
13789.0,24,1,239.45999999999998,18,258,239.45999999999998,1,1,1
13792.0,58,1,188.4,10,64,188.4,1,1,1
13793.0,282,1,96.0,7,52,96.0,1,1,1
13794.0,182,1,126.03,9,63,126.03,1,1,1
13795.0,24,4,836.3,24,1250,209.075,0,0,0
13796.0,135,1,289.7,22,218,289.7,1,1,1
13797.0,72,3,1179.45,71,573,393.15000000000003,0,0,0
13798.0,8,54,38683.02,135,24399,716.3522222222222,0,0,0
13799.0,80,7,2114.71,44,1137,302.1014285714286,0,0,0
13800.0,66,2,1121.24,40,560,560.62,0,0,1
13802.0,10,16,21659.69,206,11557,1353.730625,0,0,0
13803.0,67,2,1061.84,58,710,530.92,0,0,1
13804.0,71,2,572.73,32,335,286.365,1,0,1
13807.0,3,3,422.2,24,116,140.73333333333332,1,0,0
13809.0,30,2,524.65,13,252,262.325,1,0,1
13813.0,163,4,1398.61,53,740,349.6525,0,0,0
13814.0,163,1,678.2,22,350,678.2,1,1,1
13815.0,42,4,3448.38,135,2821,862.095,0,0,0
13818.0,65,1,61.28,5,60,61.28,1,1,1
13819.0,305,3,1502.0,34,1200,500.6666666666667,0,0,0
13820.0,54,3,660.65,71,287,220.21666666666667,1,0,0
13821.0,29,4,1025.09,133,330,256.2725,0,0,0
13823.0,16,5,2445.79,96,1125,489.158,0,0,0
13824.0,15,7,1615.82,35,674,230.83142857142857,0,0,0
13825.0,257,2,255.59,38,182,127.795,1,1,1
13829.0,57,1,102.0,1,12,102.0,1,1,1
13830.0,217,1,156.85000000000002,11,47,156.85000000000002,1,1,1
13831.0,5,13,4820.59,78,1812,370.8146153846154,0,0,0
13832.0,58,1,561.49,51,394,561.49,1,0,1
13833.0,40,1,316.56,16,126,316.56,1,1,1
13834.0,212,2,324.19,15,221,162.095,1,1,1
13835.0,155,3,260.7,15,78,86.89999999999999,1,1,0
13836.0,35,2,620.37,29,273,310.185,1,0,1
13838.0,5,7,1274.3600000000001,244,531,182.0514285714286,0,0,0
13839.0,122,1,139.95000000000002,7,25,139.95000000000002,1,1,1
13840.0,52,1,651.4,40,358,651.4,1,0,1
13842.0,2,10,2244.29,113,1111,224.429,0,0,0
13843.0,17,1,319.75,18,145,319.75,1,1,1
13846.0,35,1,442.73,26,317,442.73,1,1,1
13847.0,355,1,310.72,19,96,310.72,1,1,1
13848.0,2,6,2080.0,1,6500,346.6666666666667,0,0,0
13849.0,33,3,1931.35,111,867,643.7833333333333,0,0,0
13851.0,15,5,1955.0,46,820,391.0,0,0,0
13852.0,246,1,187.35000000000002,11,85,187.35000000000002,1,1,1
13854.0,1,15,4144.44,35,1414,276.296,0,0,0
13855.0,136,4,1310.3400000000001,64,575,327.58500000000004,0,0,0
13856.0,99,8,753.53,28,611,94.19125,1,0,0
13857.0,29,6,1001.01,99,782,166.835,0,0,0
13859.0,165,1,314.7,8,38,314.7,1,1,1
13861.0,65,2,273.26,21,225,136.63,1,1,1
13862.0,25,1,346.73,21,239,346.73,1,1,1
13863.0,101,3,933.77,43,329,311.25666666666666,1,0,0
13864.0,22,1,662.4000000000001,1,192,662.4000000000001,1,0,1
13869.0,17,6,5006.62,367,2637,834.4366666666666,0,0,0
13870.0,23,7,2941.14,86,2124,420.16285714285715,0,0,0
13871.0,64,4,1482.6,48,696,370.65,0,0,0
13872.0,163,3,919.57,52,339,306.52333333333337,1,0,0
13873.0,19,5,649.32,36,332,129.864,1,0,0
13874.0,140,6,1508.7,33,684,251.45000000000002,0,0,0
13875.0,23,9,3027.58,116,1756,336.3977777777778,0,0,0
13877.0,106,2,332.44,20,370,166.22,1,1,1
13878.0,183,3,1191.53,59,484,397.1766666666667,0,0,0
13879.0,281,1,395.5,25,204,395.5,1,1,1
13880.0,3,5,1171.89,50,747,234.37800000000001,0,0,0
13881.0,11,23,28019.58,157,19642,1218.2426086956523,0,0,0
13883.0,39,10,3885.54,138,2148,388.554,0,0,0
13884.0,12,5,1100.88,88,497,220.17600000000002,0,0,0
13888.0,40,5,1563.42,96,645,312.684,0,0,0
13889.0,18,5,1574.3300000000002,50,833,314.86600000000004,0,0,0
13890.0,10,4,1043.57,50,561,260.8925,0,0,0
13891.0,14,3,863.5600000000001,97,479,287.85333333333335,0,0,0
13892.0,113,2,634.68,8,2142,317.34,1,0,1
13895.0,151,2,1415.45,67,695,707.725,0,0,1
13896.0,261,1,388.55,20,149,388.55,1,1,1
13897.0,74,2,849.56,42,620,424.78,0,0,1
13898.0,47,1,530.47,34,411,530.47,1,1,1
13900.0,25,3,869.64,46,508,289.88,0,0,0
13901.0,10,10,2809.14,150,1605,280.914,0,0,0
13902.0,268,5,34095.26,58,220600,6819.052000000001,0,0,0
13903.0,36,1,165.45000000000002,10,103,165.45000000000002,1,1,1
13905.0,368,1,312.65,12,135,312.65,1,1,1
13906.0,45,1,42.0,1,100,42.0,1,1,1
13907.0,327,1,136.8,4,68,136.8,1,1,1
13909.0,59,2,286.6,36,302,143.3,1,1,1
13911.0,15,11,1654.08,67,1756,150.3709090909091,0,0,0
13912.0,59,1,124.95,7,29,124.95,1,1,1
13913.0,142,1,42.22,3,10,42.22,1,1,1
13915.0,30,1,70.80000000000001,2,24,70.80000000000001,1,1,1
13916.0,99,4,1275.81,72,673,318.9525,0,0,0
13919.0,60,2,975.87,46,659,487.935,0,0,1
13920.0,67,4,1774.68,82,1772,443.67,0,0,0
13921.0,38,4,730.7,36,210,182.675,1,0,0
13922.0,73,2,692.95,23,374,346.475,1,0,1
13927.0,73,1,359.27,20,249,359.27,1,1,1
13929.0,52,9,2651.45,37,1423,294.60555555555555,0,0,0
13931.0,28,9,4019.85,176,2763,446.65,0,0,0
13935.0,232,3,6116.92,70,2252,2038.9733333333334,0,0,0
13936.0,18,2,563.08,31,331,281.54,1,0,1
13937.0,38,1,721.28,44,464,721.28,0,0,1
13939.0,67,4,992.41,52,761,248.1025,0,0,0
13941.0,8,11,6009.34,33,3062,546.3036363636364,0,0,0
13942.0,170,1,320.0,1,1000,320.0,1,1,1
13943.0,213,1,246.54,15,94,246.54,1,1,1
13944.0,289,1,200.43,35,153,200.43,1,1,1
13945.0,30,2,854.15,49,413,427.075,0,0,1
13946.0,12,3,1314.66,41,2404,438.22,0,0,0
13948.0,47,3,446.76,20,208,148.92,1,1,0
13952.0,16,12,9572.45,197,4516,797.7041666666668,0,0,0
13953.0,45,5,3125.0,1,2500,625.0,0,0,0
13955.0,11,1,222.21,52,120,222.21,1,1,1
13957.0,53,3,458.25,23,157,152.75,1,1,0
13958.0,15,8,4709.2300000000005,172,2264,588.6537500000001,0,0,0
13959.0,35,3,477.98,56,343,159.32666666666668,1,0,0
13961.0,28,1,538.4,19,226,538.4,1,1,1
13962.0,71,1,193.25,12,73,193.25,1,1,1
13963.0,3,14,2347.33,113,1601,167.66642857142855,0,0,0
13964.0,23,2,438.9,22,228,219.45,1,1,1
13965.0,112,3,996.61,23,425,332.2033333333333,1,0,0
13966.0,71,1,390.86,21,772,390.86,1,1,1
13967.0,32,1,85.6,4,24,85.6,1,1,1
13968.0,59,1,123.66,8,174,123.66,1,1,1
13969.0,1,18,4311.93,248,2275,239.55166666666668,0,0,0
13970.0,22,2,846.55,10,469,423.275,1,0,1
13971.0,59,6,1909.31,90,1240,318.2183333333333,0,0,0
13974.0,218,1,264.13,15,107,264.13,1,1,1
13975.0,29,6,2832.56,292,2202,472.0933333333333,0,0,0
13976.0,142,3,834.38,43,298,278.12666666666667,1,0,0
13977.0,47,1,519.8100000000001,13,303,519.8100000000001,1,1,1
13979.0,29,6,2546.36,312,1657,424.3933333333334,0,0,0
13980.0,75,4,599.78,47,305,149.945,1,0,0
13981.0,51,1,331.14,22,234,331.14,1,1,1
13982.0,1,6,2573.7799999999997,92,1600,428.9633333333333,0,0,0
13983.0,2,10,4505.02,188,2974,450.50200000000007,0,0,0
13984.0,2,8,1128.09,47,742,141.01125,0,0,0
13985.0,10,7,2960.73,86,1491,422.9614285714286,0,0,0
13987.0,15,2,682.54,46,492,341.27,0,0,1
13988.0,19,2,609.84,54,341,304.92,1,0,1
13989.0,100,3,759.98,34,894,253.32666666666668,1,0,0
13992.0,16,2,142.7,5,90,71.35,1,1,1
13993.0,15,10,3309.35,90,1235,330.935,0,0,0
13995.0,15,9,2508.32,108,1480,278.70222222222225,0,0,0
13996.0,22,2,895.76,29,613,447.88,0,0,1
13997.0,155,3,382.31,36,146,127.43666666666667,1,1,0
13998.0,82,3,566.7,30,204,188.9,1,0,0
13999.0,10,17,5600.45,141,2800,329.43823529411765,0,0,0
14000.0,50,4,1410.68,23,1128,352.67,0,0,0
14001.0,9,7,2487.01,43,911,355.2871428571429,0,0,0
14003.0,368,1,209.41,16,149,209.41,1,1,1
14004.0,29,4,1675.81,61,757,418.9525,0,0,0
14006.0,164,4,1234.48,40,1540,308.62,0,0,0
14007.0,148,1,79.48,5,16,79.48,1,1,1
14008.0,68,1,509.04,32,326,509.04,1,1,1
14009.0,98,1,404.3,32,586,404.3,1,1,1
14010.0,201,2,445.15,20,177,222.575,1,1,1
14011.0,116,2,457.82,32,644,228.91,1,0,1
14013.0,16,2,611.5500000000001,30,313,305.77500000000003,1,0,1
14014.0,12,2,1443.03,37,928,721.515,0,0,1
14016.0,32,7,7062.2,248,3597,1008.8857142857142,0,0,0
14017.0,207,1,229.75,14,73,229.75,1,1,1
14018.0,281,1,367.15000000000003,13,224,367.15000000000003,1,1,1
14020.0,112,2,606.21,29,207,303.105,1,0,1
14021.0,10,4,1084.68,64,686,271.17,0,0,0
14022.0,122,1,352.15000000000003,19,194,352.15000000000003,1,1,1
14024.0,26,1,318.04,18,88,318.04,1,1,1
14025.0,100,8,4057.9,61,1914,507.2375,0,0,0
14026.0,106,2,713.11,41,427,356.555,1,0,1
14028.0,186,3,10396.5,3,7170,3465.5,0,0,0
14030.0,2,14,5902.2,465,2871,421.5857142857143,0,0,0
14031.0,1,27,23712.31,216,8719,878.2337037037038,0,0,0
14032.0,2,6,1874.68,54,1884,312.44666666666666,0,0,0
14033.0,191,1,109.44,1,576,109.44,1,1,1
14035.0,42,4,1428.7,42,680,357.175,0,0,0
14037.0,114,4,689.75,77,544,172.4375,0,0,0
14038.0,33,2,1509.5,57,743,754.75,0,0,1
14039.0,211,1,115.08000000000001,4,100,115.08000000000001,1,1,1
14040.0,22,23,9030.65,290,3490,392.63695652173914,0,0,0
14042.0,361,1,431.98,21,180,431.98,1,1,1
14043.0,127,2,304.25,37,153,152.125,1,1,1
14044.0,54,6,2470.28,459,1818,411.71333333333337,0,0,0
14045.0,9,13,9653.279999999999,17,4052,742.56,0,0,0
14047.0,8,10,2946.42,89,1268,294.642,0,0,0
14048.0,18,2,338.76,55,179,169.38,1,1,1
14049.0,23,9,7557.3099999999995,371,4739,839.701111111111,0,0,0
14051.0,2,15,6823.610000000001,62,2191,454.9073333333334,0,0,0
14052.0,26,1,255.45,65,98,255.45,1,1,1
14053.0,33,2,312.05,2,275,156.025,1,0,1
14055.0,213,2,795.3199999999999,23,504,397.65999999999997,1,0,1
14057.0,17,5,2190.88,125,1609,438.17600000000004,0,0,0
14058.0,98,2,469.19,23,211,234.595,1,1,1
14060.0,2,13,3378.66,43,2733,259.8969230769231,0,0,0
14061.0,143,3,917.4300000000001,17,133,305.81,1,0,0
14062.0,10,12,15139.35,117,7206,1261.6125,0,0,0
14063.0,74,9,22710.2,30,3850,2523.355555555556,0,0,0
14064.0,66,10,1978.68,91,2189,197.868,0,0,0
14065.0,25,3,891.02,42,582,297.00666666666666,0,0,0
14068.0,239,3,1262.52,74,440,420.84,0,0,0
14069.0,150,2,230.06,39,59,115.03,1,1,1
14070.0,320,1,326.55,40,86,326.55,1,1,1
14072.0,302,1,390.85,19,65,390.85,1,1,1
14074.0,259,1,219.39999999999998,6,228,219.39999999999998,1,1,1
14075.0,39,3,792.61,36,740,264.2033333333333,0,0,0
14077.0,31,1,115.66,14,108,115.66,1,1,1
14078.0,9,4,643.26,80,308,160.815,0,0,0
14079.0,318,1,243.63,1,1,243.63,1,1,1
14080.0,49,4,1070.08,71,220,267.52,0,0,0
14081.0,5,9,4435.58,457,3116,492.84222222222223,0,0,0
14082.0,28,1,231.10999999999999,36,136,231.10999999999999,1,1,1
14083.0,7,3,388.83,70,234,129.60999999999999,1,0,0
14084.0,148,1,150.5,7,306,150.5,1,1,1
14085.0,4,16,5656.43,340,3380,353.526875,0,0,0
14086.0,98,1,39.95,1,1,39.95,1,1,1
14087.0,40,2,651.8,127,476,325.9,0,0,1
14088.0,42,3,13544.99,93,2611,4514.996666666667,0,0,0
14091.0,290,2,9530.08,13,3316,4765.04,0,0,1
14092.0,10,10,3152.54,101,1540,315.254,0,0,0
14094.0,75,1,335.22,41,177,335.22,1,1,1
14095.0,358,1,2.95,1,1,2.95,1,1,1
14097.0,117,2,422.85999999999996,39,352,211.42999999999998,1,0,1
14099.0,11,9,2661.54,167,1491,295.7266666666667,0,0,0
14101.0,24,7,3985.14,15,3600,569.3057142857143,0,0,0
14104.0,25,3,555.37,101,437,185.12333333333333,0,0,0
14105.0,44,4,4722.6,176,2734,1180.65,0,0,0
14106.0,373,1,214.79999999999998,1,24,214.79999999999998,1,1,1
14107.0,84,4,2174.07,73,1696,543.5175,0,0,0
14108.0,367,2,447.05,18,279,223.525,1,1,1
14110.0,71,21,7304.8,129,3380,347.84761904761905,0,0,0
14112.0,87,6,2919.44,127,1888,486.5733333333333,0,0,0
14113.0,11,12,5252.1900000000005,61,2694,437.68250000000006,0,0,0
14114.0,31,5,977.5600000000001,58,549,195.512,0,0,0
14115.0,137,2,622.6700000000001,22,509,311.33500000000004,1,0,1
14118.0,64,1,458.45,15,97,458.45,1,1,1
14119.0,11,2,183.37,11,177,91.685,1,1,1
14122.0,42,3,362.42,12,114,120.80666666666667,1,1,0
14123.0,369,1,436.18,24,234,436.18,1,1,1
14126.0,80,1,466.33000000000004,28,379,466.33000000000004,1,1,1
14127.0,16,3,1190.3700000000001,64,507,396.79,0,0,0
14128.0,187,1,286.71,19,250,286.71,1,1,1
14129.0,35,4,1467.48,24,822,366.87,0,0,0
14130.0,11,3,1398.81,132,981,466.27,0,0,0
14131.0,284,1,187.87,45,118,187.87,1,1,1
14133.0,369,1,305.5,8,50,305.5,1,1,1
14134.0,18,15,11123.35,131,5814,741.5566666666667,0,0,0
14135.0,3,11,4953.61,92,5505,450.3281818181818,0,0,0
14136.0,36,5,1570.81,87,1148,314.162,0,0,0
14137.0,331,1,332.7,11,462,332.7,1,1,1
14139.0,126,3,670.98,29,539,223.66,1,0,0
14142.0,9,2,671.34,42,518,335.67,0,0,1
14144.0,122,1,30.599999999999998,1,12,30.599999999999998,1,1,1
14145.0,95,3,3857.85,10,899,1285.95,0,0,0
14146.0,19,7,5259.3,207,3343,751.3285714285714,0,0,0
14147.0,24,7,2106.8,22,887,300.9714285714286,0,0,0
14148.0,50,1,309.09000000000003,14,207,309.09000000000003,1,1,1
14151.0,309,2,679.45,44,405,339.725,1,0,1
14152.0,23,5,1376.05,76,1133,275.21,0,0,0
14153.0,119,1,233.4,17,312,233.4,1,1,1
14154.0,17,6,5115.08,206,2757,852.5133333333333,0,0,0
14156.0,7,102,196566.74,1178,108107,1927.1249019607842,0,0,0
14157.0,25,3,569.9,33,256,189.96666666666667,1,1,0
14159.0,15,9,3245.0,386,2185,360.55555555555554,0,0,0
14160.0,246,7,8421.47,80,4661,1203.0671428571427,0,0,0
14161.0,5,5,2208.36,154,1168,441.672,0,0,0
14163.0,98,1,148.71,6,57,148.71,1,1,1
14166.0,141,2,256.85,45,84,128.425,1,1,1
14167.0,100,4,721.65,32,200,180.4125,1,0,0
14168.0,56,2,370.45,14,147,185.225,1,1,1
14169.0,66,2,624.4300000000001,50,208,312.21500000000003,1,0,1
14170.0,11,3,597.33,123,290,199.11,0,0,0
14171.0,366,1,135.0,6,44,135.0,1,1,1
14172.0,241,3,402.72,38,88,134.24,1,1,0
14173.0,277,2,135.16,3,44,67.58,1,1,1
14175.0,54,5,4456.58,127,1494,891.316,0,0,0
14176.0,3,2,339.11,14,117,169.555,1,0,1
14177.0,17,9,1669.93,120,843,185.54777777777778,0,0,0
14180.0,8,9,1570.73,45,159,174.52555555555557,0,0,0
14181.0,46,2,310.55,48,122,155.275,1,1,1
14182.0,79,4,678.77,42,174,169.6925,1,0,0
14183.0,47,2,286.29,27,61,143.145,1,1,1
14186.0,63,5,1550.63,78,1550,310.12600000000003,0,0,0
14187.0,109,1,123.5,8,50,123.5,1,1,1
14189.0,4,2,1160.31,46,709,580.155,0,0,1
14190.0,302,1,79.9,1,2,79.9,1,1,1
14191.0,30,2,132.9,6,62,66.45,1,1,1
14192.0,24,1,293.74,14,218,293.74,1,1,1
14193.0,32,1,356.8,22,208,356.8,1,1,1
14194.0,28,15,7321.07,259,4197,488.0713333333333,0,0,0
14195.0,75,4,1603.6,5,1384,400.9,0,0,0
14197.0,46,1,390.05,20,143,390.05,1,1,1
14198.0,36,5,868.33,33,333,173.666,0,0,0
14199.0,59,3,906.3,15,226,302.09999999999997,1,0,0
14200.0,253,1,379.2,21,140,379.2,1,1,1
14201.0,45,3,446.1,17,216,148.70000000000002,1,1,0
14202.0,17,3,847.76,27,166,282.58666666666664,1,1,0
14203.0,33,1,339.34,16,80,339.34,1,1,1
14204.0,58,3,901.9300000000001,160,410,300.6433333333334,0,0,0
14205.0,30,7,1947.5,68,1138,278.2142857142857,0,0,0
14206.0,24,2,856.85,43,654,428.425,0,0,1
14207.0,323,1,157.8,2,36,157.8,1,1,1
14208.0,187,1,415.31,25,415,415.31,1,1,1
14209.0,21,9,2919.84,98,1048,324.4266666666667,0,0,0
14210.0,7,11,3955.6800000000003,143,1844,359.60727272727274,0,0,0
14211.0,47,9,2161.19,97,1333,240.13222222222223,0,0,0
14212.0,81,1,1119.6599999999999,12,894,1119.6599999999999,1,0,1
14213.0,40,1,1192.2,5,244,1192.2,1,0,1
14215.0,4,4,1626.61,81,927,406.6525,0,0,0
14216.0,50,1,310.74,18,118,310.74,1,1,1
14217.0,2,7,1411.91,68,567,201.70142857142858,0,0,0
14219.0,45,2,543.89,35,285,271.945,1,0,1
14220.0,203,2,882.5999999999999,12,196,441.29999999999995,1,0,1
14221.0,85,8,3084.69,66,1617,385.58625,0,0,0
14224.0,26,5,847.78,101,349,169.55599999999998,0,0,0
14225.0,70,4,2037.02,70,1168,509.255,0,0,0
14226.0,77,1,770.34,31,418,770.34,1,0,1
14227.0,50,5,3017.75,171,2228,603.55,0,0,0
14228.0,73,3,745.5,38,260,248.5,1,0,0
14229.0,39,4,1046.84,22,324,261.71,1,0,0
14230.0,71,3,979.8000000000001,30,246,326.6,1,0,0
14231.0,86,1,309.91,19,201,309.91,1,1,1
14233.0,101,3,1441.55,30,581,480.51666666666665,0,0,0
14235.0,134,4,1573.1299999999999,55,1055,393.28249999999997,0,0,0
14236.0,8,4,1253.78,29,502,313.445,0,0,0
14237.0,9,2,471.14,26,238,235.57,1,0,1
14238.0,298,2,287.38,5,78,143.69,1,1,1
14239.0,67,10,1882.3200000000002,51,736,188.23200000000003,0,0,0
14240.0,59,1,357.15,19,237,357.15,1,1,1
14241.0,332,1,120.0,2,96,120.0,1,1,1
14243.0,1,8,4842.28,184,2466,605.285,0,0,0
14244.0,296,1,366.41999999999996,16,814,366.41999999999996,1,1,1
14247.0,40,4,635.89,72,335,158.9725,0,0,0
14248.0,95,2,730.37,33,590,365.185,1,0,1
14249.0,46,12,5625.461,180,2487,468.7884166666667,0,0,0
14252.0,17,1,350.99,10,111,350.99,1,1,1
14253.0,129,2,363.40000000000003,11,88,181.70000000000002,1,1,1
14254.0,68,1,601.03,23,263,601.03,1,1,1
14255.0,182,1,1000.63,1,1,1000.63,1,1,1
14256.0,127,3,1504.93,71,757,501.6433333333334,0,0,0
14257.0,16,4,2854.73,100,1650,713.6825,0,0,0
14258.0,31,16,19381.36,96,10388,1211.335,0,0,0
14260.0,107,3,824.28,50,544,274.76,1,0,0
14263.0,59,1,322.93,16,171,322.93,1,1,1
14264.0,15,4,1183.39,52,483,295.8475,0,0,0
14265.0,100,2,843.17,46,385,421.585,1,0,1
14266.0,64,1,40.56,1,24,40.56,1,1,1
14268.0,106,1,354.85,19,147,354.85,1,1,1
14269.0,75,1,295.73,16,123,295.73,1,1,1
14271.0,45,1,106.81,27,61,106.81,1,1,1
14272.0,198,2,482.85,31,498,241.425,1,0,1
14274.0,322,1,256.6,15,178,256.6,1,1,1
14275.0,31,6,1189.3799999999999,14,538,198.23,0,0,0
14276.0,43,4,982.94,46,662,245.735,0,0,0
14277.0,47,6,13009.61,148,87830,2168.2683333333334,0,0,0
14278.0,45,1,205.83,13,131,205.83,1,1,1
14279.0,156,2,191.86,3,46,95.93,1,1,1
14281.0,44,1,245.15,7,45,245.15,1,1,1
14282.0,3,11,4120.32,65,2810,374.57454545454544,0,0,0
14283.0,99,4,628.4399999999999,36,550,157.10999999999999,1,0,0
14284.0,289,1,704.4,35,349,704.4,1,1,1
14285.0,149,4,1374.41,33,413,343.6025,0,0,0
14286.0,40,4,3851.0099999999998,174,4457,962.7524999999999,0,0,0
14290.0,49,3,2201.91,44,685,733.9699999999999,0,0,0
14291.0,16,12,4020.85,166,3397,335.0708333333333,0,0,0
14292.0,46,7,4354.32,71,1766,622.0457142857142,0,0,0
14293.0,4,6,2221.37,63,1021,370.2283333333333,0,0,0
14294.0,43,1,375.34,23,190,375.34,1,1,1
14295.0,74,4,2196.71,61,945,549.1775,0,0,0
14296.0,57,2,456.40000000000003,27,314,228.20000000000002,1,0,1
14298.0,11,38,39667.19,730,41929,1043.8734210526316,0,0,0
14299.0,1,19,10533.87,97,6079,554.4142105263159,0,0,0
14301.0,52,3,1352.04,29,1080,450.68,0,0,0
14302.0,66,3,742.9000000000001,25,298,247.63333333333335,1,0,0
14303.0,43,2,277.94,21,218,138.97,1,1,1
14304.0,15,2,1341.56,65,636,670.78,0,0,1
14306.0,14,4,1058.0800000000002,12,990,264.52000000000004,0,0,0
14307.0,9,5,2075.31,112,1316,415.062,0,0,0
14308.0,185,2,1147.02,1,2,573.51,1,1,1
14309.0,49,2,1428.28,69,950,714.14,0,0,1
14310.0,68,1,492.1,22,230,492.1,1,1,1
14311.0,203,1,206.19,11,89,206.19,1,1,1
14312.0,14,5,1478.7,89,892,295.74,0,0,0
14314.0,66,1,109.80000000000001,2,36,109.80000000000001,1,1,1
14315.0,200,2,716.69,26,323,358.345,1,0,1
14316.0,58,5,1370.34,21,4494,274.068,0,0,0
14318.0,96,1,158.02,9,152,158.02,1,1,1
14319.0,60,1,494.85,26,329,494.85,1,1,1
14320.0,182,3,868.96,46,388,289.65333333333336,1,0,0
14321.0,67,2,687.3100000000001,56,869,343.65500000000003,0,0,1
14322.0,65,4,474.1,10,158,118.525,1,1,0
14324.0,45,2,701.61,41,402,350.805,1,0,1
14325.0,205,1,245.48000000000002,18,320,245.48000000000002,1,1,1
14326.0,99,2,757.13,48,469,378.565,1,0,1
14327.0,18,5,1583.28,89,1157,316.656,0,0,0
14328.0,74,1,445.05,1,1,445.05,1,1,1
14329.0,11,8,4912.38,214,2826,614.0475,0,0,0
14330.0,259,1,200.63,13,103,200.63,1,1,1
14332.0,17,2,1077.2,31,412,538.6,0,0,1
14334.0,61,4,1766.27,77,1255,441.5675,0,0,0
14338.0,172,1,339.88,19,287,339.88,1,1,1
14339.0,64,1,310.75,9,288,310.75,1,1,1
14341.0,56,10,2285.04,103,1416,228.504,0,0,0
14342.0,68,2,249.88,12,174,124.94,1,1,1
14343.0,57,4,1088.91,194,631,272.2275,0,0,0
14344.0,3,14,2443.77,102,1192,174.555,0,0,0
14346.0,61,3,1294.17,79,1273,431.39000000000004,0,0,0
14347.0,372,1,82.6,6,48,82.6,1,1,1
14350.0,16,2,689.1,38,360,344.55,0,0,1
14353.0,46,2,285.9,14,280,142.95,1,1,1
14355.0,1,3,840.0500000000001,57,617,280.0166666666667,0,0,0
14358.0,25,2,400.06,21,338,200.03,1,1,1
14361.0,214,1,214.70999999999998,14,251,214.70999999999998,1,1,1
14363.0,38,2,227.47000000000003,8,105,113.73500000000001,1,1,1
14365.0,30,2,634.68,50,557,317.34,0,0,1
14366.0,161,1,136.0,1,16,136.0,1,1,1
14369.0,278,2,469.13,24,255,234.565,1,1,1
14370.0,86,6,1175.78,37,266,195.96333333333334,0,0,0
14372.0,79,2,860.08,36,378,430.04,1,0,1
14374.0,177,1,108.0,7,20,108.0,1,1,1
14375.0,86,2,875.31,128,465,437.655,0,0,1
14376.0,319,1,215.46,17,50,215.46,1,1,1
14378.0,257,1,131.25,9,57,131.25,1,1,1
14379.0,29,2,920.81,69,421,460.405,0,0,1
14380.0,318,1,48.96,1,1,48.96,1,1,1
14381.0,87,1,428.65999999999997,56,307,428.65999999999997,1,1,1
14382.0,26,1,620.73,137,464,620.73,0,0,1
14384.0,136,1,58.5,3,30,58.5,1,1,1
14388.0,8,9,3488.16,116,2419,387.5733333333333,0,0,0
14389.0,60,3,854.55,30,659,284.84999999999997,0,0,0
14390.0,8,5,1747.01,112,774,349.402,0,0,0
14391.0,212,1,135.6,14,168,135.6,1,1,1
14392.0,68,1,266.4,14,114,266.4,1,1,1
14394.0,200,1,93.8,6,58,93.8,1,1,1
14395.0,8,12,4700.3,233,2379,391.69166666666666,0,0,0
14396.0,7,6,1633.94,166,797,272.3233333333333,0,0,0
14398.0,37,2,707.79,50,267,353.895,1,0,1
14399.0,30,8,2113.16,121,968,264.145,0,0,0
14400.0,44,2,1157.77,47,1252,578.885,0,0,1
14401.0,60,9,2744.42,65,1894,304.93555555555554,0,0,0
14402.0,288,1,285.6,8,240,285.6,1,1,1
14403.0,225,2,404.7,4,218,202.35,1,1,1
14404.0,5,8,1424.79,86,817,178.09875,0,0,0
14405.0,22,1,195.0,2,100,195.0,1,1,1
14408.0,107,4,1503.2400000000002,12,828,375.81000000000006,0,0,0
14409.0,4,5,1696.64,46,1171,339.32800000000003,0,0,0
14410.0,12,2,1546.07,179,806,773.035,0,0,1
14412.0,60,1,656.16,41,642,656.16,1,0,1
14413.0,46,3,647.67,74,212,215.89,1,0,0
14414.0,10,1,902.35,21,365,902.35,0,0,1
14415.0,15,10,6191.32,326,3293,619.132,0,0,0
14417.0,23,1,604.2,106,567,604.2,0,0,1
14419.0,18,1,202.85,23,69,202.85,1,1,1
14420.0,32,3,1251.65,59,786,417.2166666666667,0,0,0
14421.0,148,4,1656.26,57,977,414.065,0,0,0
14422.0,10,13,6007.88,199,3161,462.1446153846154,0,0,0
14423.0,73,2,651.41,11,299,325.705,1,0,1
14425.0,70,3,661.39,37,325,220.46333333333334,1,0,0
14426.0,39,7,7246.27,317,4324,1035.1814285714286,0,0,0
14427.0,130,2,900.1800000000001,27,310,450.09000000000003,1,0,1
14429.0,39,1,516.28,22,286,516.28,1,1,1
14430.0,147,3,1220.9,29,446,406.9666666666667,1,0,0
14431.0,15,3,2143.84,61,1072,714.6133333333333,0,0,0
14433.0,101,1,289.6,72,134,289.6,1,1,1
14435.0,137,1,90.42,3,282,90.42,1,1,1
14436.0,189,1,182.64000000000001,2,168,182.64000000000001,1,1,1
14437.0,1,5,895.84,37,426,179.168,0,0,0
14439.0,79,4,6781.8,90,1718,1695.45,0,0,0
14440.0,1,9,4281.05,49,1167,475.6722222222222,0,0,0
14441.0,10,7,2898.8,72,814,414.11428571428576,0,0,0
14442.0,50,5,3777.2,98,949,755.4399999999999,0,0,0
14443.0,4,2,966.27,57,582,483.135,0,0,1
14444.0,92,1,132.04,11,180,132.04,1,1,1
14445.0,91,1,221.65,32,83,221.65,1,1,1
14446.0,22,1,201.73,42,183,201.73,1,1,1
14447.0,36,1,548.5,36,342,548.5,1,1,1
14449.0,8,5,1575.7,173,1021,315.14,0,0,0
14450.0,15,4,645.19,25,281,161.2975,1,1,0
14451.0,25,10,2646.18,206,1368,264.618,0,0,0
14452.0,31,2,401.15,65,170,200.575,1,1,1
14454.0,12,5,977.3,94,400,195.45999999999998,0,0,0
14455.0,68,4,628.21,67,719,157.0525,0,0,0
14458.0,16,1,237.42,46,328,237.42,1,1,1
14459.0,287,1,3537.821,76,1543,3537.821,0,0,1
14460.0,32,6,659.16,23,998,109.86,0,1,0
14461.0,18,10,4610.44,369,2261,461.044,0,0,0
14462.0,68,1,265.99,48,108,265.99,1,1,1
14463.0,135,1,256.95,2,31,256.95,1,1,1
14464.0,204,2,111.0,4,62,55.5,1,1,1
14465.0,64,8,2887.4100000000003,31,2141,360.92625000000004,0,0,0
14466.0,8,7,2374.5,80,1638,339.2142857142857,0,0,0
14467.0,25,8,1622.23,118,918,202.77875,0,0,0
14468.0,369,1,204.24,12,164,204.24,1,1,1
14469.0,52,4,2112.21,120,980,528.0525,0,0,0
14470.0,66,1,250.85,17,89,250.85,1,1,1
14471.0,227,2,400.95,38,187,200.475,1,1,1
14472.0,325,1,291.38,41,145,291.38,1,1,1
14474.0,215,1,730.42,97,313,730.42,1,1,1
14475.0,44,1,225.3,6,94,225.3,1,1,1
14477.0,72,3,660.0,4,400,220.0,1,0,0
14478.0,18,4,1276.66,59,1226,319.165,0,0,0
14479.0,1,3,982.86,121,503,327.62,0,0,0
14480.0,38,3,1020.47,43,527,340.1566666666667,0,0,0
14481.0,43,3,1674.98,107,1095,558.3266666666667,0,0,0
14482.0,15,6,2289.76,92,1245,381.6266666666667,0,0,0
14483.0,372,1,120.0,4,96,120.0,1,1,1
14484.0,37,3,749.0600000000001,37,534,249.6866666666667,0,0,0
14486.0,147,2,175.5,4,90,87.75,1,1,1
14487.0,4,2,257.28000000000003,32,102,128.64000000000001,1,0,1
14489.0,73,3,1111.55,59,712,370.51666666666665,0,0,0
14490.0,42,2,1273.47,72,933,636.735,0,0,1
14491.0,8,1,127.2,4,40,127.2,1,1,1
14492.0,66,7,1921.91,70,751,274.55857142857144,0,0,0
14493.0,26,5,2746.91,207,1898,549.382,0,0,0
14494.0,37,2,261.9,10,118,130.95,1,1,1
14495.0,295,1,51.0,1,6,51.0,1,1,1
14496.0,9,6,2129.42,59,832,354.90333333333336,0,0,0
14497.0,309,1,221.69,11,97,221.69,1,1,1
14498.0,37,5,1953.95,148,1024,390.79,0,0,0
14499.0,10,4,1323.65,87,749,330.9125,0,0,0
14505.0,40,11,6096.2,542,2624,554.1999999999999,0,0,0
14506.0,5,3,1278.5,116,348,426.1666666666667,0,0,0
14507.0,14,5,1901.25,127,936,380.25,0,0,0
14508.0,12,3,598.52,102,228,199.50666666666666,0,0,0
14509.0,170,1,110.95,25,38,110.95,1,1,1
14510.0,11,3,1007.28,67,821,335.76,0,0,0
14512.0,19,5,948.19,41,620,189.638,0,0,0
14513.0,72,3,332.42,5,232,110.80666666666667,1,1,0
14514.0,72,6,3543.63,182,1907,590.605,0,0,0
14515.0,23,6,1647.17,56,783,274.52833333333336,0,0,0
14516.0,152,1,163.92,35,68,163.92,1,1,1
14519.0,319,2,206.09,38,82,103.045,1,1,1
14521.0,127,1,199.45000000000002,17,211,199.45000000000002,1,1,1
14522.0,231,4,784.08,24,443,196.02,1,0,0
14524.0,45,4,1066.03,114,500,266.5075,0,0,0
14525.0,64,8,3908.44,163,2539,488.555,0,0,0
14526.0,25,1,262.4,41,179,262.4,1,1,1
14527.0,1,69,19283.48,496,4673,279.47072463768114,0,0,0
14530.0,32,10,3271.4900000000002,181,1604,327.149,0,0,0
14531.0,115,1,376.34,29,260,376.34,1,1,1
14532.0,47,7,2926.33,201,831,418.04714285714283,0,0,0
14533.0,43,4,1516.65,25,2019,379.1625,0,0,0
14534.0,33,8,1824.06,165,809,228.0075,0,0,0
14535.0,31,6,3166.54,386,1409,527.7566666666667,0,0,0
14537.0,259,1,285.84000000000003,13,108,285.84000000000003,1,1,1
14538.0,166,3,982.59,28,129,327.53000000000003,1,0,0
14540.0,15,8,2799.08,142,1198,349.885,0,0,0
14541.0,52,6,1038.03,54,482,173.005,0,0,0
14543.0,16,23,11276.44,83,2018,490.28000000000003,0,0,0
14544.0,106,1,957.98,68,895,957.98,0,0,1
14545.0,310,1,349.25,23,236,349.25,1,1,1
14546.0,12,6,2619.81,267,1379,436.635,0,0,0
14548.0,120,7,1974.69,67,765,282.09857142857146,0,0,0
14549.0,56,3,627.3100000000001,73,259,209.10333333333335,1,0,0
14550.0,24,2,587.69,47,382,293.845,1,0,1
14551.0,47,5,693.81,62,381,138.762,0,0,0
14552.0,16,2,346.21,92,170,173.105,1,0,1
14553.0,47,4,982.27,142,647,245.5675,0,0,0
14555.0,17,4,1991.49,84,720,497.8725,0,0,0
14556.0,232,3,835.34,160,331,278.44666666666666,0,0,0
14558.0,290,3,655.5,13,162,218.5,1,1,0
14559.0,26,1,75.6,2,72,75.6,1,1,1
14560.0,15,22,3876.2599999999998,44,3320,176.19363636363636,0,0,0
14562.0,26,8,1654.63,118,770,206.82875,0,0,0
14563.0,145,2,679.44,95,335,339.72,1,0,1
14564.0,70,2,2605.62,107,1295,1302.81,0,0,1
14565.0,109,1,760.1,33,400,760.1,1,0,1
14566.0,53,3,2660.0,8,1600,886.6666666666666,0,0,0
14568.0,71,1,919.7,47,645,919.7,0,0,1
14569.0,88,3,371.59,21,179,123.86333333333333,1,1,0
14570.0,79,1,395.69,37,336,395.69,1,1,1
14571.0,61,1,161.65,30,57,161.65,1,1,1
14572.0,53,4,2782.34,193,1505,695.585,0,0,0
14573.0,8,5,968.0,130,291,193.6,0,0,0
14574.0,368,1,143.70000000000002,11,63,143.70000000000002,1,1,1
14575.0,124,1,460.71,71,176,460.71,1,1,1
14576.0,8,1,35.400000000000006,1,12,35.400000000000006,1,1,1
14577.0,30,3,514.54,48,220,171.51333333333332,1,1,0
14579.0,68,1,105.56,24,56,105.56,1,1,1
14580.0,154,1,14.850000000000001,1,3,14.850000000000001,1,1,1
14581.0,180,1,295.2,43,92,295.2,1,1,1
14583.0,19,3,728.48,150,363,242.82666666666668,0,0,0
14584.0,57,4,705.65,79,580,176.4125,0,0,0
14585.0,18,4,986.22,64,539,246.555,0,0,0
14588.0,214,1,135.39,16,62,135.39,1,1,1
14589.0,7,1,39.75,3,5,39.75,1,1,1
14590.0,60,20,3006.62,134,904,150.331,0,0,0
14593.0,33,9,3094.02,327,1543,343.78,0,0,0
14594.0,9,1,255.0,31,146,255.0,1,1,1
14595.0,89,2,423.85,29,250,211.925,1,0,1
14596.0,262,1,229.47,50,79,229.47,1,1,1
14597.0,15,4,1318.3899999999999,41,870,329.59749999999997,0,0,0
14598.0,205,1,162.07,40,165,162.07,1,1,1
14599.0,26,2,474.54,77,295,237.27,1,1,1
14600.0,29,1,471.84000000000003,29,362,471.84000000000003,1,1,1
14602.0,292,1,205.35999999999999,31,80,205.35999999999999,1,1,1
14604.0,269,1,143.85999999999999,20,88,143.85999999999999,1,1,1
14605.0,10,4,937.16,90,424,234.29,0,0,0
14606.0,2,102,18704.41,1163,9411,183.37656862745098,0,0,0
14607.0,103,8,7568.13,88,3819,946.01625,0,0,0
14608.0,15,7,1567.79,10,490,223.97,0,0,0
14609.0,26,6,884.64,6,5694,147.44,0,0,0
14610.0,31,2,24.35,10,15,12.175,1,1,0
14611.0,79,2,604.3299999999999,37,582,302.16499999999996,1,0,1
14612.0,51,1,877.7,14,134,877.7,1,1,1
14613.0,316,1,76.32000000000001,1,72,76.32000000000001,1,1,1
14614.0,22,1,295.13,19,189,295.13,1,1,1
14615.0,30,5,951.76,40,495,190.352,0,0,0
14616.0,21,2,121.7,2,66,60.85,1,1,1
14617.0,38,2,190.47000000000003,7,81,95.23500000000001,1,1,1
14618.0,12,4,788.88,33,440,197.22,0,0,0
14619.0,177,1,896.8000000000001,40,442,896.8000000000001,1,0,1
14621.0,147,4,1212.21,63,713,303.0525,0,0,0
14623.0,16,5,1170.33,110,640,234.06599999999997,0,0,0
14624.0,51,4,588.22,30,483,147.055,1,0,0
14625.0,10,9,3598.25,150,1820,399.80555555555554,0,0,0
14626.0,31,7,2619.65,89,1732,374.2357142857143,0,0,0
14627.0,15,1,462.75,29,284,462.75,1,0,1
14628.0,78,3,1326.04,54,875,442.0133333333333,0,0,0
14630.0,120,1,338.65,21,111,338.65,1,1,1
14631.0,22,3,1018.71,40,785,339.57,0,0,0
14634.0,73,4,2124.46,105,1906,531.115,0,0,0
14635.0,89,1,215.22,15,118,215.22,1,1,1
14637.0,313,1,106.67999999999999,7,100,106.67999999999999,1,1,1
14639.0,44,3,1994.47,99,979,664.8233333333334,0,0,0
14640.0,45,4,1541.98,91,765,385.495,0,0,0
14643.0,253,3,986.08,28,562,328.6933333333333,1,0,0
14644.0,50,5,1416.96,31,512,283.392,0,0,0
14645.0,270,1,279.8,18,206,279.8,1,1,1
14646.0,10,78,248396.5,653,170278,3184.5705128205127,0,0,0
14647.0,159,1,276.75,18,85,276.75,1,1,1
14648.0,52,15,4546.86,286,3326,303.12399999999997,0,0,0
14649.0,18,5,2358.02,270,1446,471.604,0,0,0
14650.0,224,1,62.5,4,22,62.5,1,1,1
14651.0,30,7,1379.52,147,542,197.0742857142857,0,0,0
14653.0,149,5,1666.99,132,1026,333.398,0,0,0
14654.0,374,1,246.86,27,273,246.86,1,1,1
14655.0,24,3,1946.28,48,1252,648.76,0,0,0
14656.0,51,3,523.6,93,198,174.53333333333333,1,1,0
14657.0,65,2,612.65,67,419,306.325,1,0,1
14662.0,63,3,645.16,70,333,215.0533333333333,1,0,0
14663.0,66,2,490.6,60,397,245.3,1,1,1
14665.0,63,2,913.95,41,404,456.975,1,0,1
14667.0,1,31,12685.94,407,7625,409.22387096774196,0,0,0
14668.0,81,1,111.63,10,49,111.63,1,1,1
14669.0,269,4,1973.94,203,1279,493.485,0,0,0
14670.0,368,1,190.47,56,97,190.47,1,1,1
14671.0,185,2,1127.45,48,571,563.725,0,0,1
14672.0,151,2,347.59,39,192,173.795,1,1,1
14673.0,3,3,1674.41,66,1031,558.1366666666667,0,0,0
14674.0,145,1,173.66,14,103,173.66,1,1,1
14675.0,24,1,462.15,114,385,462.15,0,0,1
14676.0,30,6,5808.55,63,6292,968.0916666666667,0,0,0
14677.0,228,1,184.91,14,139,184.91,1,1,1
14678.0,215,1,403.39,24,179,403.39,1,1,1
14679.0,17,3,1289.44,49,794,429.81333333333333,0,0,0
14680.0,7,43,28658.66,231,13888,666.4804651162791,0,0,0
14681.0,23,3,376.20000000000005,13,96,125.40000000000002,1,1,0
14682.0,64,4,1462.81,78,869,365.7025,0,0,0
14683.0,224,1,146.56,21,386,146.56,1,1,1
14684.0,26,1,232.27,94,186,232.27,1,1,1
14685.0,212,8,4619.79,115,2012,577.47375,0,0,0
14686.0,50,5,885.83,186,475,177.166,0,0,0
14687.0,36,2,773.6800000000001,23,380,386.84000000000003,1,0,1
14688.0,9,8,2082.7,103,1959,260.3375,0,0,0
14690.0,28,2,422.63,43,174,211.315,1,1,1
14692.0,16,8,1153.54,60,640,144.1925,0,0,0
14693.0,61,6,992.46,39,354,165.41,0,0,0
14694.0,253,1,244.31,15,193,244.31,1,1,1
14695.0,155,3,1620.07,76,678,540.0233333333333,0,0,0
14696.0,9,2,688.95,41,521,344.475,0,0,1
14699.0,71,3,593.47,40,407,197.82333333333335,1,0,0
14700.0,51,2,880.96,47,292,440.48,1,0,1
14701.0,78,6,2012.72,231,850,335.4533333333333,0,0,0
14702.0,1,13,3462.08,213,1619,266.31384615384616,0,0,0
14704.0,60,2,266.66,53,127,133.33,1,1,1
14706.0,254,1,390.69,25,263,390.69,1,1,1
14707.0,71,2,139.2,1,96,69.6,1,1,1
14708.0,4,3,1085.91,14,888,361.97,0,0,0
14709.0,15,12,3965.29,69,1657,330.44083333333333,0,0,0
14710.0,15,9,1316.46,204,773,146.27333333333334,0,0,0
14712.0,54,1,411.0,7,96,411.0,1,1,1
14713.0,1,11,2752.5099999999998,162,1841,250.2281818181818,0,0,0
14714.0,43,3,746.05,60,413,248.6833333333333,0,0,0
14715.0,78,4,973.0699999999999,57,513,243.26749999999998,0,0,0
14716.0,80,1,235.77,44,148,235.77,1,1,1
14717.0,369,1,81.3,11,32,81.3,1,1,1
14718.0,46,1,226.42,11,202,226.42,1,1,1
14721.0,15,1,115.77,24,59,115.77,1,1,1
14722.0,113,2,325.45,53,102,162.725,1,1,1
14723.0,7,7,934.76,156,613,133.53714285714287,0,0,0
14724.0,226,1,345.25,40,187,345.25,1,1,1
14725.0,30,3,597.16,42,747,199.0533333333333,0,0,0
14726.0,290,1,124.75,15,91,124.75,1,1,1
14727.0,182,2,199.35,33,406,99.675,1,1,1
14728.0,49,1,190.58,14,68,190.58,1,1,1
14729.0,9,3,593.89,126,377,197.96333333333334,0,0,0
14732.0,28,11,2814.58,82,868,255.8709090909091,0,0,0
14733.0,3,4,6599.06,89,2727,1649.765,0,0,0
14734.0,61,4,1056.42,50,378,264.105,0,0,0
14735.0,24,24,6174.47,129,2249,257.26958333333334,0,0,0
14736.0,121,2,401.08,70,164,200.54,1,1,1
14737.0,36,1,2389.62,28,726,2389.62,0,0,1
14738.0,196,2,507.45,23,156,253.725,1,1,1
14739.0,3,19,8385.22,115,6352,441.3273684210526,0,0,0
14740.0,45,8,2712.85,118,1346,339.10625,0,0,0
14741.0,8,2,497.25,23,279,248.625,1,0,1
14742.0,71,1,579.85,34,374,579.85,1,0,1
14743.0,228,1,50.48,3,40,50.48,1,1,1
14744.0,2,8,2785.1,48,1920,348.1375,0,0,0
14745.0,137,7,1351.55,39,939,193.07857142857142,0,0,0
14746.0,42,4,593.5,7,398,148.375,1,0,0
14748.0,4,7,1736.57,77,1529,248.08142857142857,0,0,0
14749.0,115,1,310.15,18,403,310.15,1,1,1
14750.0,372,1,112.03,32,65,112.03,1,1,1
14751.0,320,2,126.45,7,65,63.225,1,1,1
14753.0,96,1,306.36,18,201,306.36,1,1,1
14754.0,61,4,912.4300000000001,83,525,228.10750000000002,0,0,0
14755.0,17,14,4962.27,149,2182,354.4478571428572,0,0,0
14756.0,18,2,1914.8,68,1007,957.4,0,0,1
14758.0,32,3,1380.9099999999999,52,421,460.3033333333333,0,0,0
14761.0,80,1,192.02,13,88,192.02,1,1,1
14762.0,262,1,117.05000000000001,9,87,117.05000000000001,1,1,1
14766.0,2,6,4082.76,169,2714,680.46,0,0,0
14767.0,110,1,382.81,18,117,382.81,1,1,1
14769.0,26,9,5097.13,258,3819,566.3477777777778,0,0,0
14770.0,103,6,2761.2200000000003,119,1108,460.2033333333334,0,0,0
14771.0,257,2,594.62,46,622,297.31,1,0,1
14773.0,228,1,140.55,10,53,140.55,1,1,1
14774.0,164,1,241.45,13,99,241.45,1,1,1
14775.0,8,1,406.56,20,384,406.56,1,1,1
14776.0,23,4,1170.0,45,1524,292.5,0,0,0
14777.0,39,1,307.56,16,212,307.56,1,1,1
14783.0,295,1,307.3,17,262,307.3,1,1,1
14784.0,25,1,159.94,12,126,159.94,1,1,1
14786.0,186,1,90.96,7,112,90.96,1,1,1
14787.0,107,1,110.65,14,59,110.65,1,1,1
14788.0,232,1,476.88,28,298,476.88,1,1,1
14790.0,10,6,1781.56,57,1943,296.9266666666667,0,0,0
14791.0,242,1,303.63,19,127,303.63,1,1,1
14793.0,171,1,396.91,25,270,396.91,1,1,1
14794.0,38,3,633.99,23,110,211.33,1,1,0
14796.0,2,11,2867.15,196,1628,260.65000000000003,0,0,0
14797.0,143,1,300.31,16,99,300.31,1,1,1
14798.0,17,5,550.5699999999999,22,451,110.11399999999999,1,1,0
14799.0,373,1,180.45,10,349,180.45,1,1,1
14800.0,5,6,3434.58,175,3312,572.43,0,0,0
14802.0,74,2,1502.98,1,2,751.49,1,1,1
14805.0,40,3,549.99,74,306,183.33,1,0,0
14806.0,75,1,110.03999999999999,9,93,110.03999999999999,1,1,1
14807.0,26,2,519.29,37,247,259.645,1,1,1
14809.0,257,2,686.76,18,232,343.38,1,0,1
14810.0,5,3,449.14,51,231,149.71333333333334,1,0,0
14811.0,23,1,170.5,28,74,170.5,1,1,1
14812.0,234,1,185.8,36,136,185.8,1,1,1
14813.0,5,4,935.44,111,407,233.86,0,0,0
14814.0,217,1,160.46,28,96,160.46,1,1,1
14817.0,31,5,2849.52,115,1807,569.904,0,0,0
14818.0,94,3,512.61,52,222,170.87,1,1,0
14819.0,130,2,198.09,40,64,99.045,1,1,1
14820.0,16,5,767.47,31,471,153.494,0,0,0
14821.0,2,7,1237.65,65,465,176.80714285714288,0,0,0
14822.0,121,1,157.70000000000002,9,94,157.70000000000002,1,1,1
14824.0,15,6,2895.2000000000003,79,1429,482.53333333333336,0,0,0
14825.0,4,13,2698.17,131,1857,207.55153846153846,0,0,0
14826.0,217,2,385.2,10,152,192.6,1,1,1
14828.0,24,10,7699.7,66,7546,769.97,0,0,0
14829.0,8,4,995.29,61,695,248.8225,0,0,0
14831.0,316,3,1676.57,67,885,558.8566666666667,0,0,0
14832.0,266,1,322.69,1,1,322.69,1,1,1
14833.0,134,1,94.8,7,58,94.8,1,1,1
14834.0,43,1,485.86,20,138,485.86,1,1,1
14835.0,164,2,297.0,1,180,148.5,1,1,1
14837.0,78,5,1810.82,91,1594,362.164,0,0,0
14838.0,59,2,773.6700000000001,70,362,386.83500000000004,0,0,1
14839.0,54,3,915.28,66,927,305.0933333333333,0,0,0
14840.0,175,1,299.86,18,148,299.86,1,1,1
14841.0,10,8,3867.2400000000002,134,2386,483.40500000000003,0,0,0
14843.0,72,1,211.79999999999998,9,132,211.79999999999998,1,1,1
14844.0,66,6,3512.62,106,2536,585.4366666666666,0,0,0
14845.0,235,1,150.0,1,600,150.0,1,1,1
14846.0,63,1,437.4,12,193,437.4,1,1,1
14847.0,43,2,1039.55,47,413,519.775,0,0,1
14848.0,40,1,310.56,11,260,310.56,1,1,1
14849.0,9,21,7832.91,190,6332,372.99571428571426,0,0,0
14850.0,53,6,1468.26,127,1115,244.71,0,0,0
14851.0,266,1,318.06,14,306,318.06,1,1,1
14852.0,60,12,3310.4900000000002,76,2624,275.87416666666667,0,0,0
14853.0,59,3,901.0699999999999,19,263,300.3566666666666,1,0,0
14854.0,26,4,1563.03,77,1167,390.7575,0,0,0
14855.0,110,5,5874.65,160,3243,1174.9299999999998,0,0,0
14857.0,78,5,2478.731,127,1617,495.74620000000004,0,0,0
14858.0,141,1,180.75,11,105,180.75,1,1,1
14859.0,190,1,351.9,8,217,351.9,1,1,1
14861.0,16,9,1254.94,59,959,139.4377777777778,0,0,0
14865.0,8,3,77.52000000000001,3,192,25.840000000000003,1,1,0
14866.0,2,8,6460.32,13,2481,807.54,0,0,0
14867.0,31,13,2241.78,53,668,172.4446153846154,0,0,0
14868.0,16,4,1230.42,56,825,307.605,0,0,0
14869.0,24,4,2078.54,141,1588,519.635,0,0,0
14870.0,49,5,1511.7,39,364,302.34000000000003,0,0,0
14871.0,129,5,736.59,73,269,147.318,1,0,0
14872.0,119,3,816.6,34,662,272.2,1,0,0
14873.0,269,1,334.45,21,143,334.45,1,1,1
14874.0,171,1,116.18,6,148,116.18,1,1,1
14875.0,77,1,1397.08,42,774,1397.08,0,0,1
14876.0,157,2,256.7,12,162,128.35,1,1,1
14877.0,54,2,437.0,57,171,218.5,1,1,1
14878.0,12,16,2619.7000000000003,125,1630,163.73125000000002,0,0,0
14879.0,320,1,185.06,27,104,185.06,1,1,1
14882.0,26,12,3038.4500000000003,31,1482,253.20416666666668,0,0,0
14884.0,305,1,120.6,8,72,120.6,1,1,1
14885.0,63,2,832.8,16,584,416.4,1,0,1
14890.0,254,2,691.6,49,585,345.8,1,0,1
14891.0,52,2,552.35,29,283,276.175,1,0,1
14892.0,326,1,202.35000000000002,13,79,202.35000000000002,1,1,1
14893.0,253,1,571.76,33,248,571.76,1,1,1
14894.0,79,2,837.0600000000001,23,338,418.53000000000003,1,0,1
14895.0,19,18,13980.83,275,5863,776.7127777777778,0,0,0
14896.0,1,7,1623.65,145,838,231.95000000000002,0,0,0
14897.0,45,4,1774.16,62,694,443.54,0,0,0
14898.0,7,9,2204.29,128,1227,244.92111111111112,0,0,0
14899.0,31,1,1384.88,126,586,1384.88,0,0,1
14900.0,158,1,13.919999999999998,1,48,13.919999999999998,1,1,1
14901.0,2,5,868.36,60,392,173.672,0,0,0
14902.0,31,2,702.96,35,498,351.48,1,0,1
14904.0,44,2,615.2,62,564,307.6,0,0,1
14905.0,10,6,1355.24,39,722,225.87333333333333,0,0,0
14906.0,81,1,68.44,1,1,68.44,1,1,1
14907.0,3,10,2664.69,83,1126,266.469,0,0,0
14908.0,99,1,104.10000000000001,5,50,104.10000000000001,1,1,1
14909.0,73,3,1404.68,62,888,468.2266666666667,0,0,0
14911.0,1,205,152147.57,1862,69722,742.183268292683,0,0,0
14912.0,37,4,1021.4,30,848,255.35,0,0,0
14913.0,24,4,2845.7,124,2212,711.425,0,0,0
14915.0,11,9,1503.77,56,595,167.08555555555554,0,0,0
14916.0,67,4,1773.97,52,1279,443.4925,0,0,0
14917.0,232,2,1123.75,29,891,561.875,1,0,1
14918.0,40,7,4345.66,67,1876,620.8085714285714,0,0,0
14919.0,175,1,359.35,13,129,359.35,1,1,1
14920.0,201,1,629.4,40,377,629.4,1,1,1
14922.0,29,2,843.74,49,376,421.87,0,0,1
14924.0,246,2,620.96,20,248,310.48,1,0,1
14926.0,17,2,359.4,2,204,179.7,1,0,1
14927.0,32,1,308.2,20,196,308.2,1,1,1
14928.0,263,1,223.91000000000003,21,268,223.91000000000003,1,1,1
14929.0,57,1,612.8100000000001,23,351,612.8100000000001,1,1,1
14930.0,106,3,2873.77,133,1033,957.9233333333333,0,0,0
14932.0,1,2,666.13,29,257,333.065,0,0,1
14933.0,79,4,1770.0,1,600,442.5,1,0,0
14934.0,14,3,1612.56,70,1058,537.52,0,0,0
14935.0,255,1,1065.12,16,996,1065.12,1,1,1
14936.0,26,4,4273.79,135,2189,1068.4475,0,0,0
14938.0,198,2,2322.43,71,1369,1161.215,0,0,1
14940.0,53,2,531.49,32,384,265.745,1,0,1
14941.0,214,1,182.1,7,80,182.1,1,1,1
14942.0,37,4,746.56,12,354,186.64,1,0,0
14943.0,299,1,107.62,5,46,107.62,1,1,1
14944.0,25,7,3884.42,110,2049,554.9171428571428,0,0,0
14945.0,49,1,179.4,11,156,179.4,1,1,1
14947.0,24,4,758.97,37,237,189.7425,1,0,0
14949.0,105,4,515.0,17,250,128.75,1,1,0
14952.0,32,21,9529.86,145,3622,453.8028571428572,0,0,0
14953.0,54,3,723.95,153,803,241.3166666666667,0,0,0
14954.0,339,1,167.27,41,92,167.27,1,1,1
14955.0,368,1,163.77,30,74,163.77,1,1,1
14956.0,57,1,1325.0,4,2500,1325.0,0,0,1
14957.0,280,1,274.8,15,71,274.8,1,1,1
14958.0,231,3,458.26,26,120,152.75333333333333,1,1,0
14961.0,15,13,9365.47,231,4664,720.4207692307692,0,0,0
14962.0,175,3,240.21000000000004,9,79,80.07000000000001,1,1,0
14963.0,15,7,1676.68,203,1141,239.5257142857143,0,0,0
14966.0,23,5,924.5200000000001,93,911,184.90400000000002,0,0,0
14967.0,77,5,1518.81,19,512,303.762,0,0,0
14968.0,94,1,357.4,47,131,357.4,1,1,1
14969.0,339,1,906.23,13,665,906.23,1,1,1
14970.0,45,8,3327.29,60,732,415.91125,0,0,0
14972.0,17,1,30.300000000000004,2,12,30.300000000000004,1,1,1
14975.0,57,1,192.45,15,127,192.45,1,1,1
14977.0,361,1,31.929999999999996,4,17,31.929999999999996,1,1,1
14978.0,66,5,1210.72,65,215,242.144,0,0,0
14979.0,371,1,439.46,42,213,439.46,1,1,1
14980.0,373,1,150.68,24,79,150.68,1,1,1
14981.0,59,1,270.8,14,144,270.8,1,1,1
14982.0,208,1,237.78,39,125,237.78,1,1,1
14983.0,325,1,183.20000000000002,29,90,183.20000000000002,1,1,1
14984.0,24,4,1058.1399999999999,11,290,264.53499999999997,1,0,0
14986.0,12,2,566.9,88,342,283.45,0,0,1
14987.0,1,7,1387.4499999999998,4,543,198.20714285714283,0,0,0
14988.0,16,6,1732.06,142,1135,288.6766666666667,0,0,0
14989.0,297,1,342.4,18,200,342.4,1,1,1
14990.0,248,2,305.42,41,130,152.71,1,1,1
14991.0,66,1,314.67,21,191,314.67,1,1,1
14992.0,78,1,210.5,27,145,210.5,1,1,1
14993.0,199,1,36.13,9,21,36.13,1,1,1
14994.0,18,5,960.63,238,577,192.126,0,0,0
14996.0,117,2,442.28999999999996,37,404,221.14499999999998,1,0,1
14997.0,291,1,230.4,12,288,230.4,1,1,1
14998.0,64,2,340.86,49,97,170.43,1,1,1
14999.0,228,1,129.48000000000002,9,88,129.48000000000002,1,1,1
15001.0,30,2,230.85999999999999,44,81,115.42999999999999,1,1,1
15002.0,3,6,3175.52,173,1656,529.2533333333333,0,0,0
15003.0,109,6,1060.7,260,547,176.78333333333333,0,0,0
15005.0,2,29,7789.63,434,4609,268.60793103448276,0,0,0
15006.0,89,1,323.05,47,114,323.05,1,1,1
15008.0,116,2,360.0,6,1500,180.0,1,0,1
15011.0,31,2,416.6,17,289,208.3,1,1,1
15012.0,9,2,437.58,113,248,218.79,0,0,1
15013.0,123,10,1641.3,178,1747,164.13,0,0,0
15015.0,137,13,2365.02,163,1593,181.92461538461538,0,0,0
15016.0,29,4,460.26,77,171,115.065,1,1,0
15018.0,3,1,111.25,5,21,111.25,1,1,1
15020.0,15,1,203.42,27,112,203.42,1,1,1
15021.0,2,4,869.01,155,370,217.2525,0,0,0
15022.0,313,1,281.05,19,113,281.05,1,1,1
15023.0,5,10,5367.92,282,2181,536.792,0,0,0
15024.0,3,8,2414.18,120,1281,301.7725,0,0,0
15025.0,204,1,636.08,72,326,636.08,1,1,1
15026.0,11,2,592.61,65,388,296.305,0,0,1
15027.0,31,6,2129.45,46,2217,354.9083333333333,0,0,0
15028.0,4,3,530.58,45,337,176.86,0,0,0
15029.0,255,1,365.1,10,234,365.1,1,1,1
15030.0,16,6,1461.63,19,853,243.60500000000002,0,0,0
15031.0,30,10,2488.44,193,1214,248.844,0,0,0
15032.0,2,7,8821.55,40,5291,1260.2214285714285,0,0,0
15034.0,22,6,4004.79,237,2366,667.465,0,0,0
15037.0,12,2,402.51,40,301,201.255,1,1,1
15038.0,5,4,604.37,119,224,151.0925,0,0,0
15039.0,4,47,20116.99,422,8974,428.0210638297873,0,0,0
15040.0,177,1,7.49,1,1,7.49,1,1,1
15041.0,80,1,113.67,35,93,113.67,1,1,1
15042.0,231,1,179.52,4,208,179.52,1,1,1
15043.0,99,5,2336.7999999999997,39,731,467.35999999999996,0,0,0
15044.0,15,18,8504.1,215,2484,472.45000000000005,0,0,0
15046.0,61,10,2598.62,143,1250,259.86199999999997,0,0,0
15048.0,4,1,98.7,23,32,98.7,1,1,1
15050.0,57,2,2411.7,58,1404,1205.85,0,0,1
15051.0,15,6,2543.55,114,2042,423.925,0,0,0
15055.0,110,3,560.07,77,230,186.69000000000003,1,1,0
15056.0,156,1,133.45,6,81,133.45,1,1,1
15057.0,79,3,1766.46,38,726,588.82,0,0,0
15058.0,12,5,1285.04,52,591,257.008,0,0,0
15059.0,12,10,2185.85,211,1013,218.58499999999998,0,0,0
15061.0,3,86,83284.38,130,51791,968.423023255814,0,0,0
15062.0,59,4,1597.76,76,1109,399.44,0,0,0
15064.0,46,4,1254.41,76,810,313.6025,0,0,0
15065.0,46,1,168.73,11,63,168.73,1,1,1
15067.0,49,2,2133.12,94,1209,1066.56,0,0,1
15068.0,54,2,623.49,107,471,311.745,0,0,1
15070.0,8,3,737.0500000000001,26,339,245.68333333333337,0,0,0
15071.0,22,2,473.49,27,147,236.745,1,1,1
15072.0,115,1,187.51999999999998,13,164,187.51999999999998,1,1,1
15073.0,36,5,1744.61,90,919,348.92199999999997,0,0,0
15074.0,65,2,817.46,31,608,408.73,1,0,1
15076.0,128,2,566.89,30,295,283.445,1,0,1
15077.0,130,2,2428.08,28,528,1214.04,0,0,1
15078.0,4,23,8018.77,81,3885,348.6421739130435,0,0,0
15079.0,1,8,2871.74,83,1115,358.9675,0,0,0
15080.0,63,2,546.25,31,287,273.125,1,0,1
15081.0,3,8,1460.92,58,616,182.615,0,0,0
15082.0,304,1,93.35000000000001,6,43,93.35000000000001,1,1,1
15084.0,15,2,965.2,31,600,482.6,0,0,1
15085.0,365,1,347.54,9,169,347.54,1,1,1
15086.0,200,2,218.53,10,95,109.265,1,1,1
15091.0,310,2,565.9,27,236,282.95,1,1,1
15092.0,98,1,318.65,19,95,318.65,1,1,1
15093.0,8,18,9729.09,94,7897,540.505,0,0,0
15094.0,99,2,83.0,4,28,41.5,1,1,1
15095.0,56,6,1771.04,60,1154,295.17333333333335,0,0,0
15097.0,219,2,660.27,39,254,330.135,1,0,1
15100.0,2,6,2018.6999999999998,11,254,336.45,0,0,0
15101.0,151,4,1160.41,48,435,290.1025,0,0,0
15102.0,166,2,554.67,26,339,277.335,1,0,1
15105.0,66,2,795.98,50,536,397.99,0,0,1
15107.0,8,4,620.85,28,187,155.2125,1,1,0
15109.0,215,2,498.15000000000003,18,127,249.07500000000002,1,1,1
15110.0,39,2,509.75,14,91,254.875,1,1,1
15111.0,8,3,1163.39,61,454,387.7966666666667,0,0,0
15112.0,247,1,209.4,7,72,209.4,1,1,1
15114.0,19,2,639.56,33,436,319.78,1,0,1
15115.0,368,1,191.74,14,88,191.74,1,1,1
15117.0,84,3,934.19,46,1145,311.3966666666667,0,0,0
15122.0,58,8,2863.69,109,1245,357.96125,0,0,0
15123.0,57,3,2456.86,67,1329,818.9533333333334,0,0,0
15124.0,112,2,266.63,16,229,133.315,1,1,1
15125.0,115,9,5496.39,81,2240,610.71,0,0,0
15126.0,172,2,449.49,25,273,224.745,1,1,1
15127.0,155,1,304.97,12,213,304.97,1,1,1
15128.0,66,1,312.68,21,240,312.68,1,1,1
15129.0,21,12,3412.78,56,2208,284.39833333333337,0,0,0
15131.0,30,1,80.28,7,88,80.28,1,1,1
15133.0,18,2,824.48,20,280,412.24,1,0,1
15134.0,17,2,208.3,12,170,104.15,1,1,1
15135.0,192,1,166.63,11,41,166.63,1,1,1
15137.0,156,2,823.4,34,596,411.7,1,0,1
15138.0,29,1,502.52,31,300,502.52,1,1,1
15140.0,78,1,889.44,32,438,889.44,1,0,1
15141.0,93,7,1388.47,44,1197,198.35285714285715,0,0,0
15142.0,46,5,2121.18,102,1790,424.236,0,0,0
15143.0,68,1,304.18,17,170,304.18,1,1,1
15144.0,15,12,5579.87,108,2201,464.9891666666667,0,0,0
15149.0,212,4,1033.81,44,252,258.4525,1,0,0
15150.0,92,3,3686.61,231,2525,1228.8700000000001,0,0,0
15151.0,59,2,2085.61,56,795,1042.805,0,0,1
15152.0,337,1,518.14,29,290,518.14,1,1,1
15154.0,114,2,1091.99,101,245,545.995,0,0,1
15155.0,19,1,383.96999999999997,24,192,383.96999999999997,1,1,1
15157.0,205,2,718.04,27,1074,359.02,1,0,1
15158.0,37,1,204.62,4,21,204.62,1,1,1
15159.0,31,4,3475.7200000000003,91,2071,868.9300000000001,0,0,0
15160.0,10,3,431.11,16,223,143.70333333333335,1,1,0
15161.0,24,1,119.92,33,144,119.92,1,1,1
15162.0,367,1,312.9,12,74,312.9,1,1,1
15164.0,25,6,1225.8700000000001,195,571,204.3116666666667,0,0,0
15165.0,9,1,487.75,27,160,487.75,1,0,1
15166.0,103,1,167.16,12,140,167.16,1,1,1
15167.0,43,4,1496.67,236,805,374.1675,0,0,0
15169.0,18,2,569.22,58,356,284.61,1,0,1
15170.0,42,1,81.15,4,33,81.15,1,1,1
15173.0,16,7,1494.6,74,840,213.5142857142857,0,0,0
15174.0,46,1,345.71,23,237,345.71,1,1,1
15176.0,303,1,988.04,52,448,988.04,1,0,1
15177.0,61,1,948.93,26,485,948.93,1,0,1
15179.0,28,8,5284.97,163,3478,660.62125,0,0,0
15180.0,3,3,816.9300000000001,48,654,272.31,0,0,0
15181.0,56,2,510.72,4,144,255.36,1,0,1
15182.0,21,9,2376.1020000000003,69,933,264.01133333333337,0,0,0
15183.0,183,3,639.93,33,297,213.30999999999997,1,0,0
15184.0,23,2,283.19,18,263,141.595,1,1,1
15186.0,110,3,991.7900000000001,22,501,330.5966666666667,1,0,0
15188.0,361,1,310.43,22,233,310.43,1,1,1
15189.0,17,5,1298.99,20,753,259.798,0,0,0
15190.0,70,1,834.4399999999999,40,790,834.4399999999999,0,0,1
15191.0,99,3,588.05,33,287,196.01666666666665,1,0,0
15192.0,1,3,937.07,43,726,312.3566666666667,0,0,0
15194.0,4,14,4811.16,110,3466,343.6542857142857,0,0,0
15196.0,68,2,316.25,34,131,158.125,1,1,1
15197.0,30,3,797.9,23,589,265.96666666666664,1,0,0
15198.0,44,3,377.71,20,207,125.90333333333332,1,1,0
15199.0,10,6,1853.7,17,498,308.95,0,0,0
15200.0,130,1,549.05,30,195,549.05,1,1,1
15201.0,75,2,606.4100000000001,23,450,303.20500000000004,1,0,1
15202.0,56,3,6001.49,1,3,2000.4966666666667,1,1,0
15203.0,26,9,2572.38,119,2429,285.82,0,0,0
15207.0,52,3,683.9200000000001,20,428,227.97333333333336,1,0,0
15208.0,59,1,100.4,6,40,100.4,1,1,1
15209.0,366,1,178.98000000000002,13,94,178.98000000000002,1,1,1
15210.0,14,2,845.01,46,613,422.505,0,0,1
15211.0,1,1,383.07,23,117,383.07,1,1,1
15212.0,12,1,106.47999999999999,5,48,106.47999999999999,1,1,1
15215.0,29,4,1687.49,62,551,421.8725,0,0,0
15216.0,254,1,389.49,22,189,389.49,1,1,1
15217.0,199,1,426.24,28,190,426.24,1,1,1
15218.0,25,11,5759.68,102,3224,523.6072727272727,0,0,0
15219.0,284,1,379.7,17,226,379.7,1,1,1
15221.0,2,4,2062.2000000000003,21,244,515.5500000000001,0,0,0
15222.0,108,10,2965.91,98,4018,296.591,0,0,0
15223.0,245,3,662.2,12,172,220.73333333333335,1,1,0
15224.0,148,3,549.28,19,291,183.09333333333333,1,1,0
15227.0,32,4,1269.0900000000001,54,467,317.27250000000004,0,0,0
15228.0,64,2,2193.56,94,1120,1096.78,0,0,1
15229.0,222,1,160.5,9,114,160.5,1,1,1
15231.0,257,1,250.26,14,190,250.26,1,1,1
15233.0,37,1,59.400000000000006,1,12,59.400000000000006,1,1,1
15235.0,5,6,690.3000000000001,43,411,115.05000000000001,0,0,0
15240.0,10,7,2753.41,99,1845,393.3442857142857,0,0,0
15241.0,66,3,1293.72,57,1510,431.24,0,0,0
15242.0,58,1,302.04,4,196,302.04,1,1,1
15243.0,71,1,610.6,39,358,610.6,1,0,1
15244.0,302,1,280.51,14,67,280.51,1,1,1
15245.0,38,5,2095.0,37,1237,419.0,0,0,0
15246.0,191,1,266.25,18,112,266.25,1,1,1
15247.0,113,2,620.06,10,354,310.03,1,0,1
15248.0,47,3,1893.93,103,1065,631.3100000000001,0,0,0
15249.0,66,5,2577.54,124,1403,515.508,0,0,0
15250.0,276,1,60.0,3,48,60.0,1,1,1
15251.0,50,10,9839.55,99,5937,983.9549999999999,0,0,0
15252.0,57,3,1362.63,73,908,454.21000000000004,0,0,0
15253.0,39,3,1136.89,58,722,378.96333333333337,0,0,0
15254.0,182,2,787.99,46,436,393.995,1,0,1
15255.0,32,8,2838.57,101,1737,354.82125,0,0,0
15256.0,197,1,71.95,4,37,71.95,1,1,1
15257.0,50,1,368.75,5,25,368.75,1,1,1
15259.0,148,4,1182.3799999999999,51,631,295.59499999999997,0,0,0
15260.0,8,20,7377.46,172,3837,368.873,0,0,0
15261.0,17,3,1253.18,70,536,417.7266666666667,0,0,0
15262.0,16,2,239.87,14,145,119.935,1,1,1
15264.0,166,1,454.66,32,178,454.66,1,1,1
15265.0,240,2,1839.52,109,958,919.76,0,0,1
15266.0,15,4,732.91,37,218,183.2275,1,1,0
15268.0,114,3,961.9000000000001,21,428,320.6333333333334,1,0,0
15269.0,16,2,816.56,32,346,408.28,0,0,1
15270.0,36,14,6145.37,56,2489,438.955,0,0,0
15271.0,1,10,2202.4700000000003,250,1262,220.247,0,0,0
15272.0,86,4,1363.54,210,377,340.885,0,0,0
15273.0,235,1,228.96,1,216,228.96,1,1,1
15276.0,30,3,514.22,115,267,171.40666666666667,1,0,0
15277.0,61,1,220.44,14,168,220.44,1,1,1
15278.0,197,4,496.15999999999997,29,458,124.03999999999999,1,0,0
15279.0,16,4,1290.03,58,613,322.5075,0,0,0
15280.0,124,2,293.09999999999997,39,359,146.54999999999998,1,1,1
15281.0,14,7,6211.42,337,4022,887.3457142857143,0,0,0
15282.0,206,1,348.59,27,395,348.59,1,1,1
15283.0,26,3,148.33,9,27,49.443333333333335,1,1,0
15284.0,136,1,24.75,1,5,24.75,1,1,1
15285.0,43,1,94.92,6,120,94.92,1,1,1
15287.0,15,3,369.34000000000003,14,577,123.11333333333334,1,1,0
15288.0,1,6,1576.6100000000001,78,629,262.7683333333334,0,0,0
15289.0,94,2,653.3100000000001,33,619,326.65500000000003,1,0,1
15290.0,29,8,2553.06,37,2066,319.1325,0,0,0
15291.0,9,26,9178.26,86,2914,353.01,0,0,0
15293.0,301,1,247.5,19,178,247.5,1,1,1
15294.0,46,1,233.35,15,97,233.35,1,1,1
15295.0,290,1,217.23999999999998,50,151,217.23999999999998,1,1,1
15296.0,56,6,6669.97,275,3698,1111.6616666666666,0,0,0
15298.0,2,12,4659.47,153,3170,388.2891666666667,0,0,0
15299.0,8,6,3484.5299999999997,5,2505,580.755,0,0,0
15301.0,4,6,2533.09,106,1515,422.1816666666667,0,0,0
15302.0,366,1,308.0,15,102,308.0,1,1,1
15303.0,201,2,650.16,36,266,325.08,1,0,1
15304.0,4,2,225.15,5,29,112.575,1,1,1
15305.0,191,1,93.6,5,40,93.6,1,1,1
15306.0,136,6,2310.38,81,2264,385.06333333333333,0,0,0
15309.0,246,4,797.96,49,440,199.49,1,0,0
15310.0,114,1,1634.64,45,1476,1634.64,0,0,1
15311.0,1,121,56003.26,645,32816,462.83685950413224,0,0,0
15312.0,19,8,2005.3400000000001,91,1177,250.66750000000002,0,0,0
15314.0,49,2,492.47999999999996,25,437,246.23999999999998,1,0,1
15317.0,313,1,129.75,5,45,129.75,1,1,1
15321.0,73,9,3961.42,187,2472,440.15777777777777,0,0,0
15322.0,112,1,711.18,41,555,711.18,1,0,1
15323.0,198,3,434.6,29,188,144.86666666666667,1,1,0
15324.0,337,1,140.22000000000003,8,74,140.22000000000003,1,1,1
15325.0,31,7,1439.72,141,1151,205.67428571428573,0,0,0
15326.0,245,4,1388.81,77,965,347.2025,0,0,0
15328.0,43,1,107.24,8,88,107.24,1,1,1
15329.0,10,8,1934.63,66,733,241.82875,0,0,0
15331.0,135,3,767.91,41,701,255.97,1,0,0
15332.0,2,6,4892.68,115,2306,815.4466666666667,0,0,0
15336.0,37,1,240.5,15,84,240.5,1,1,1
15337.0,47,1,373.02,21,200,373.02,1,1,1
15338.0,313,1,283.43,56,150,283.43,1,1,1
15339.0,57,5,1253.77,108,727,250.754,0,0,0
15340.0,197,1,105.5,7,76,105.5,1,1,1
15341.0,85,1,382.2,7,196,382.2,1,1,1
15346.0,61,2,343.7,20,116,171.85,1,1,1
15347.0,2,4,1162.0,30,542,290.5,0,0,0
15350.0,9,2,547.6,26,272,273.8,1,0,1
15351.0,5,4,1778.18,103,738,444.545,0,0,0
15352.0,184,1,114.95,34,43,114.95,1,1,1
15353.0,3,6,2398.93,251,1208,399.82166666666666,0,0,0
15354.0,239,3,284.4,1,3,94.8,1,1,0
15356.0,4,4,698.45,153,342,174.6125,0,0,0
15358.0,1,22,8703.210000000001,282,8328,395.60045454545457,0,0,0
15359.0,298,8,181.35,10,145,22.66875,1,1,0
15361.0,162,3,270.15000000000003,3,37,90.05000000000001,1,1,0
15362.0,84,2,613.08,38,368,306.54,1,0,1
15363.0,8,2,678.11,32,383,339.055,0,0,1
15365.0,39,6,2242.81,87,1047,373.8016666666667,0,0,0
15366.0,45,5,1786.57,69,1826,357.31399999999996,0,0,0
15367.0,54,7,3203.74,154,1887,457.6771428571428,0,0,0
15368.0,30,1,275.8,4,176,275.8,1,1,1
15369.0,128,11,6251.26,44,3288,568.2963636363637,0,0,0
15370.0,46,1,1352.96,50,567,1352.96,0,0,1
15371.0,298,1,59.400000000000006,1,12,59.400000000000006,1,1,1
15372.0,86,7,4009.66,19,3486,572.8085714285714,0,0,0
15373.0,7,6,1005.48,51,269,167.58,0,0,0
15374.0,260,1,139.32,6,164,139.32,1,1,1
15375.0,326,1,60.959999999999994,6,84,60.959999999999994,1,1,1
15377.0,18,4,1211.75,15,253,302.9375,0,0,0
15378.0,98,2,246.5,8,130,123.25,1,1,1
15379.0,36,1,1174.55,69,695,1174.55,0,0,1
15380.0,1,7,1788.8,6,656,255.54285714285714,0,0,0
15381.0,59,3,1293.72,16,631,431.24,0,0,0
15382.0,10,6,7777.84,206,5166,1296.3066666666666,0,0,0
15384.0,17,2,1385.38,71,1171,692.69,0,0,1
15385.0,28,2,625.2,8,267,312.6,1,0,1
15387.0,128,1,468.65,20,335,468.65,1,1,1
15389.0,36,4,2233.8,2,3540,558.45,0,0,0
15390.0,32,2,1216.66,77,894,608.33,0,0,1
15391.0,220,1,289.87,12,109,289.87,1,1,1
15392.0,10,3,1376.0900000000001,49,867,458.6966666666667,0,0,0
15393.0,203,3,659.48,29,228,219.82666666666668,1,0,0
15394.0,31,7,3103.26,104,1462,443.3228571428572,0,0,0
15396.0,219,1,508.20000000000005,2,156,508.20000000000005,1,1,1
15400.0,56,3,586.1,11,272,195.36666666666667,1,0,0
15401.0,88,2,216.95000000000002,14,93,108.47500000000001,1,1,1
15402.0,23,4,1203.77,58,1340,300.9425,0,0,0
15403.0,127,2,170.88,6,492,85.44,1,1,1
15404.0,11,1,257.06,16,334,257.06,1,1,1
15405.0,212,1,310.74,22,155,310.74,1,1,1
15406.0,89,2,465.15999999999997,66,293,232.57999999999998,1,1,1
15409.0,357,1,131.25,9,59,131.25,1,1,1
15410.0,204,2,1234.88,36,702,617.44,0,0,1
15413.0,327,5,6798.72,20,2694,1359.7440000000001,0,0,0
15416.0,114,3,588.5,36,330,196.16666666666666,1,0,0
15418.0,61,2,452.32,64,266,226.16,1,1,1
15420.0,70,6,743.0,52,844,123.83333333333333,0,0,0
15421.0,21,6,2854.98,187,1427,475.83,0,0,0
15422.0,15,5,1522.27,89,672,304.454,0,0,0
15423.0,217,2,223.39,12,97,111.695,1,1,1
15424.0,99,1,214.44,16,319,214.44,1,1,1
15425.0,36,4,1944.57,117,1042,486.1425,0,0,0
15426.0,5,5,1168.0,199,546,233.6,0,0,0
15428.0,23,3,668.97,36,245,222.99,1,1,0
15430.0,103,2,954.75,36,309,477.375,1,0,1
15431.0,138,1,153.24,2,84,153.24,1,1,1
15432.0,177,1,149.57,6,27,149.57,1,1,1
15434.0,10,6,1525.5800000000002,61,776,254.26333333333335,0,0,0
15437.0,276,1,193.29000000000002,12,98,193.29000000000002,1,1,1
15439.0,40,4,1269.05,49,572,317.2625,0,0,0
15441.0,32,3,1254.21,45,587,418.07,0,0,0
15443.0,110,7,1939.02,212,1072,277.0028571428571,0,0,0
15445.0,226,1,171.0,9,60,171.0,1,1,1
15446.0,12,3,406.95,92,267,135.65,1,0,0
15447.0,163,4,337.71000000000004,20,143,84.42750000000001,1,1,0
15448.0,310,1,294.17,21,255,294.17,1,1,1
15451.0,70,2,233.21,56,79,116.605,1,1,1
15452.0,26,3,1260.38,126,808,420.1266666666667,0,0,0
15454.0,254,1,128.59,15,62,128.59,1,1,1
15455.0,233,1,38.25,2,3,38.25,1,1,1
15456.0,39,7,1672.05,108,2166,238.8642857142857,0,0,0
15458.0,38,1,208.79999999999998,6,144,208.79999999999998,1,1,1
15459.0,53,2,202.82999999999998,6,121,101.41499999999999,1,1,1
15461.0,96,2,429.7,1,230,214.85,1,1,1
15462.0,81,1,502.45,30,323,502.45,1,1,1
15465.0,5,15,5301.03,83,1512,353.402,0,0,0
15466.0,25,3,1236.48,177,698,412.16,0,0,0
15468.0,28,1,962.97,56,1245,962.97,0,0,1
15469.0,74,1,335.7,19,134,335.7,1,1,1
15470.0,211,1,63.419999999999995,4,232,63.419999999999995,1,1,1
15471.0,16,2,847.0799999999999,68,417,423.53999999999996,0,0,1
15473.0,80,1,274.8,3,104,274.8,1,1,1
15474.0,231,1,163.1,19,56,163.1,1,1,1
15476.0,16,4,2209.98,67,1174,552.495,0,0,0
15477.0,285,1,368.4,2,216,368.4,1,1,1
15478.0,211,1,583.56,24,319,583.56,1,1,1
15479.0,369,1,147.4,9,38,147.4,1,1,1
15480.0,101,4,5373.5,162,1549,1343.375,0,0,0
15481.0,37,1,1993.34,38,1450,1993.34,0,0,1
15482.0,22,7,3537.6,42,1512,505.37142857142857,0,0,0
15483.0,21,6,628.39,150,649,104.73166666666667,0,0,0
15484.0,176,2,1061.69,53,924,530.845,0,0,1
15485.0,9,5,3196.51,47,1288,639.302,0,0,0
15486.0,163,1,102.0,1,40,102.0,1,1,1
15487.0,315,1,231.32,14,144,231.32,1,1,1
15488.0,92,4,340.6,8,178,85.15,1,1,0
15489.0,36,5,1285.3300000000002,43,656,257.06600000000003,0,0,0
15490.0,66,1,217.6,22,85,217.6,1,1,1
15493.0,25,4,2313.18,216,700,578.295,0,0,0
15494.0,114,3,2480.82,219,1949,826.94,0,0,0
15495.0,15,1,246.5,20,194,246.5,1,1,1
15496.0,267,1,146.14000000000001,22,98,146.14000000000001,1,1,1
15497.0,18,7,7395.19,61,2313,1056.4557142857143,0,0,0
15498.0,2,19,12723.18,349,6517,669.641052631579,0,0,0
15499.0,359,1,161.6,40,60,161.6,1,1,1
15501.0,40,2,402.5,63,206,201.25,1,1,1
15502.0,4,5,3608.54,117,1625,721.708,0,0,0
15503.0,362,1,120.06,50,62,120.06,1,1,1
15504.0,156,3,371.02,33,115,123.67333333333333,1,1,0
15506.0,17,3,1060.77,83,799,353.59,0,0,0
15509.0,16,1,166.51,26,72,166.51,1,1,1
15512.0,26,2,210.58,22,167,105.29,1,1,1
15513.0,1,18,12992.33,166,5122,721.7961111111111,0,0,0
15514.0,15,7,2459.09,98,2086,351.29857142857145,0,0,0
15515.0,23,1,171.81,7,131,171.81,1,1,1
15518.0,15,7,2276.4900000000002,174,1550,325.21285714285716,0,0,0
15519.0,19,2,344.61,34,116,172.305,1,1,1
15521.0,36,8,4106.49,125,2680,513.31125,0,0,0
15523.0,24,15,16947.98,72,15741,1129.8653333333334,0,0,0
15524.0,242,1,151.4,8,24,151.4,1,1,1
15525.0,9,2,469.78,66,264,234.89,1,0,1
15527.0,30,15,3145.86,120,1230,209.72400000000002,0,0,0
15529.0,2,2,1116.72,133,992,558.36,0,0,1
15530.0,148,1,311.37,31,390,311.37,1,1,1
15532.0,12,6,2190.9700000000003,284,828,365.1616666666667,0,0,0
15534.0,361,1,162.25,8,63,162.25,1,1,1
15535.0,40,2,551.42,50,180,275.71,1,1,1
15536.0,45,1,259.09,16,242,259.09,1,1,1
15538.0,173,6,3358.3999999999996,3,1016,559.7333333333332,0,0,0
15540.0,11,1,247.38,16,244,247.38,1,1,1
15542.0,148,3,918.45,212,469,306.15000000000003,0,0,0
15543.0,95,1,114.98,28,83,114.98,1,1,1
15544.0,8,12,4615.72,144,3910,384.6433333333334,0,0,0
15545.0,7,1,135.32999999999998,31,75,135.32999999999998,1,1,1
15546.0,242,2,1079.1000000000001,6,198,539.5500000000001,1,1,1
15547.0,12,12,5199.55,381,3330,433.29583333333335,0,0,0
15548.0,231,1,158.09,23,64,158.09,1,1,1
15549.0,57,5,652.7,44,242,130.54000000000002,1,0,0
15550.0,14,8,1643.17,138,849,205.39625,0,0,0
15551.0,30,6,1274.02,95,596,212.33666666666667,0,0,0
15552.0,259,1,162.4,13,106,162.4,1,1,1
15555.0,1,22,7307.18,446,4598,332.1445454545455,0,0,0
15558.0,275,1,214.13,23,86,214.13,1,1,1
15559.0,204,1,1109.4,62,526,1109.4,0,0,1
15560.0,33,2,153.52,10,72,76.76,1,1,1
15561.0,19,4,1133.8,44,1067,283.45,0,0,0
15562.0,60,2,538.83,31,522,269.415,1,0,1
15563.0,150,3,1466.56,112,1518,488.8533333333333,0,0,0
15564.0,99,2,70.74000000000001,4,42,35.370000000000005,1,1,0
15566.0,28,2,227.87,9,153,113.935,1,1,1
15569.0,26,5,2210.64,103,1070,442.128,0,0,0
15570.0,5,14,5145.52,302,2212,367.5371428571429,0,0,0
15571.0,22,10,3401.2,415,2242,340.12,0,0,0
15572.0,16,3,1515.81,114,919,505.27,0,0,0
15573.0,254,3,599.73,104,417,199.91,1,0,0
15574.0,8,3,816.4499999999999,159,600,272.15,0,0,0
15575.0,255,1,30.1,3,6,30.1,1,1,1
15577.0,359,2,139.1,20,32,69.55,1,1,1
15579.0,19,3,953.9,106,603,317.96666666666664,0,0,0
15580.0,12,8,1381.19,155,959,172.64875,0,0,0
15581.0,2,26,4114.62,462,2860,158.2546153846154,0,0,0
15583.0,12,1,107.86,37,63,107.86,1,1,1
15584.0,35,2,552.39,94,173,276.195,1,1,1
15586.0,228,3,1139.1,30,1338,379.7,0,0,0
15587.0,28,3,608.4000000000001,3,216,202.80000000000004,1,0,0
15588.0,313,1,579.6,4,96,579.6,1,1,1
15590.0,18,5,1496.6,75,832,299.32,0,0,0
15591.0,218,3,217.9,6,58,72.63333333333334,1,1,0
15595.0,123,1,357.6,4,144,357.6,1,1,1
15596.0,1,5,1723.45,69,815,344.69,0,0,0
15597.0,211,1,238.8,15,114,238.8,1,1,1
15598.0,63,1,307.34,22,244,307.34,1,1,1
15599.0,81,1,488.32,31,380,488.32,1,1,1
15600.0,64,4,1199.31,55,657,299.8275,0,0,0
15601.0,8,17,8183.56,172,6078,481.3858823529412,0,0,0
15602.0,4,8,1932.64,47,1212,241.58,0,0,0
15603.0,284,1,40.0,2,32,40.0,1,1,1
15605.0,9,5,738.57,41,271,147.714,0,0,0
15606.0,26,8,2310.83,48,723,288.85375,0,0,0
15607.0,179,8,1604.21,83,1268,200.52625,0,0,0
15608.0,51,1,692.3,45,548,692.3,1,0,1
15611.0,19,13,1405.83,27,243,108.14076923076922,0,0,0
15613.0,246,1,433.71999999999997,27,700,433.71999999999997,1,1,1
15614.0,73,4,3147.36,75,1632,786.84,0,0,0
15615.0,26,24,10974.23,204,6582,457.2595833333333,0,0,0
15616.0,74,1,317.11,13,137,317.11,1,1,1
15617.0,32,3,828.5500000000001,41,485,276.18333333333334,0,0,0
15620.0,45,1,389.18,29,334,389.18,1,1,1
15622.0,63,8,4143.05,199,2417,517.88125,0,0,0
15623.0,29,7,2136.02,79,962,305.1457142857143,0,0,0
15625.0,12,5,1702.1399999999999,78,1832,340.428,0,0,0
15626.0,57,1,391.72,31,372,391.72,1,1,1
15627.0,93,2,566.9,23,344,283.45,1,0,1
15628.0,2,9,2782.02,94,1925,309.11333333333334,0,0,0
15629.0,86,4,2240.9,43,1518,560.225,0,0,0
15630.0,280,1,295.05,20,187,295.05,1,1,1
15631.0,278,1,596.67,39,525,596.67,1,1,1
15633.0,145,13,4352.46,83,2058,334.8046153846154,0,0,0
15634.0,19,1,311.1,19,128,311.1,1,1,1
15635.0,31,1,100.35,2,5,100.35,1,1,1
15636.0,73,2,719.82,27,276,359.91,1,0,1
15637.0,49,4,574.23,23,523,143.5575,1,0,0
15638.0,14,6,2265.2,20,1134,377.5333333333333,0,0,0
15639.0,87,2,639.76,40,526,319.88,1,0,1
15640.0,8,15,11441.92,152,5783,762.7946666666667,0,0,0
15641.0,32,8,3458.35,171,2860,432.29375,0,0,0
15642.0,365,1,105.78000000000002,6,270,105.78000000000002,1,1,1
15645.0,50,2,443.16,16,140,221.58,1,1,1
15646.0,8,3,526.97,50,657,175.65666666666667,0,0,0
15647.0,51,1,169.0,11,124,169.0,1,1,1
15649.0,3,3,1354.35,8,293,451.45,0,0,0
15650.0,157,2,553.88,33,210,276.94,1,0,1
15651.0,56,2,612.76,28,392,306.38,1,0,1
15652.0,23,4,1082.6,76,451,270.65,0,0,0
15658.0,8,4,1399.3700000000001,60,449,349.84250000000003,0,0,0
15659.0,22,2,226.04,10,50,113.02,1,1,1
15660.0,1,7,1212.13,46,843,173.1614285714286,0,0,0
15661.0,15,6,906.15,26,543,151.025,0,0,0
15662.0,297,2,283.73,12,145,141.865,1,1,1
15664.0,85,3,867.6,46,373,289.2,1,0,0
15665.0,47,3,1773.11,126,1128,591.0366666666666,0,0,0
15666.0,108,2,632.9399999999999,63,469,316.46999999999997,1,0,1
15670.0,192,1,152.15,7,41,152.15,1,1,1
15672.0,361,1,45.300000000000004,3,10,45.300000000000004,1,1,1
15673.0,87,5,3533.77,96,1847,706.754,0,0,0
15674.0,53,8,4501.63,203,2373,562.70375,0,0,0
15675.0,40,1,218.35,14,97,218.35,1,1,1
15677.0,57,2,648.4,33,356,324.2,1,0,1
15678.0,31,2,1541.19,67,883,770.595,0,0,1
15680.0,2,8,3173.9,131,2122,396.7375,0,0,0
15681.0,15,9,1563.54,23,576,173.72666666666666,0,0,0
15682.0,235,2,318.24,25,222,159.12,1,1,1
15683.0,109,1,330.79,16,201,330.79,1,1,1
15684.0,183,3,173.95,9,77,57.98333333333333,1,1,0
15685.0,86,1,55.980000000000004,17,36,55.980000000000004,1,1,1
15686.0,56,1,90.0,1,72,90.0,1,1,1
15688.0,54,1,190.57,26,95,190.57,1,1,1
15689.0,253,1,266.93,15,123,266.93,1,1,1
15691.0,30,3,434.5,10,140,144.83333333333334,1,1,0
15693.0,295,1,37.5,1,30,37.5,1,1,1
15694.0,1,12,4331.41,43,981,360.9508333333333,0,0,0
15695.0,233,2,721.06,35,272,360.53,1,0,1
15696.0,59,5,1170.1100000000001,36,371,234.02200000000002,0,0,0
15697.0,325,1,246.75,14,127,246.75,1,1,1
15698.0,260,1,46.2,2,60,46.2,1,1,1
15702.0,112,2,140.39000000000001,30,103,70.19500000000001,1,1,1
15704.0,138,2,1524.3400000000001,76,695,762.1700000000001,0,0,1
15708.0,5,3,1014.48,57,408,338.16,0,0,0
15709.0,225,1,194.6,20,48,194.6,1,1,1
15710.0,53,1,898.87,110,641,898.87,0,0,1
15711.0,192,2,420.25,25,199,210.125,1,1,1
15712.0,15,7,2400.05,74,791,342.86428571428576,0,0,0
15713.0,2,3,654.09,39,360,218.03,0,0,0
15714.0,89,3,453.93,14,175,151.31,1,1,0
15715.0,191,5,658.02,34,246,131.60399999999998,1,0,0
15716.0,5,8,1938.0,142,1077,242.25,0,0,0
15717.0,57,4,456.70000000000005,13,154,114.17500000000001,1,1,0
15718.0,176,1,293.79,18,95,293.79,1,1,1
15719.0,17,18,5177.45,301,2643,287.6361111111111,0,0,0
15720.0,186,1,143.19,25,48,143.19,1,1,1
15722.0,81,6,3035.54,74,1257,505.92333333333335,0,0,0
15723.0,47,3,744.55,77,357,248.1833333333333,0,0,0
15724.0,36,1,92.6,6,44,92.6,1,1,1
15726.0,26,1,321.91,23,123,321.91,1,1,1
15727.0,23,8,4266.55,286,2877,533.31875,0,0,0
15728.0,15,2,544.6,10,132,272.3,1,1,1
15729.0,36,2,107.55000000000001,5,19,53.775000000000006,1,1,1
15730.0,17,2,605.7,40,372,302.85,1,0,1
15731.0,189,1,125.3,8,122,125.3,1,1,1
15732.0,8,9,1387.95,59,1146,154.21666666666667,0,0,0
15734.0,72,2,923.85,14,170,461.925,1,0,1
15735.0,57,1,327.68,19,206,327.68,1,1,1
15736.0,71,2,1815.72,95,1268,907.86,0,0,1
15738.0,8,26,8560.550000000001,79,6303,329.2519230769231,0,0,0
15741.0,94,2,208.62,11,70,104.31,1,1,1
15742.0,255,1,156.87,41,51,156.87,1,1,1
15747.0,11,6,1588.57,79,890,264.76166666666666,0,0,0
15748.0,85,2,465.45000000000005,16,211,232.72500000000002,1,1,1
15750.0,2,12,4331.711,259,2807,360.9759166666667,0,0,0
15751.0,96,11,1380.44,91,443,125.49454545454546,0,0,0
15752.0,8,3,1570.16,174,989,523.3866666666667,0,0,0
15754.0,129,6,2579.04,93,1563,429.84,0,0,0
15755.0,15,11,3628.87,184,2607,329.8972727272727,0,0,0
15757.0,22,4,2225.94,128,1266,556.485,0,0,0
15759.0,147,4,577.8900000000001,7,463,144.47250000000003,1,1,0
15760.0,266,2,13916.34,1,2,6958.17,1,1,1
15761.0,78,1,143.05,5,31,143.05,1,1,1
15764.0,70,2,1223.1100000000001,69,895,611.5550000000001,0,0,1
15765.0,302,1,370.63,25,335,370.63,1,1,1
15766.0,92,2,516.0,15,164,258.0,1,1,1
15768.0,112,31,14979.26,429,4015,483.20193548387095,0,0,0
15769.0,7,21,32451.6,14,19432,1545.3142857142857,0,0,0
15770.0,248,1,321.45,18,67,321.45,1,1,1
15771.0,240,3,1006.54,26,512,335.5133333333333,1,0,0
15772.0,54,1,280.88,16,110,280.88,1,1,1
15773.0,45,1,138.84,37,99,138.84,1,1,1
15774.0,54,5,1059.14,69,386,211.82800000000003,0,0,0
15775.0,267,1,45.6,2,192,45.6,1,1,1
15777.0,32,3,715.5,15,221,238.5,1,1,0
15778.0,67,1,307.95,17,101,307.95,1,1,1
15779.0,99,2,124.08000000000001,8,20,62.040000000000006,1,1,1
15782.0,66,1,1399.36,18,980,1399.36,0,0,1
15784.0,103,2,848.3299999999999,39,381,424.16499999999996,1,0,1
15785.0,15,11,3640.96,82,2867,330.99636363636364,0,0,0
15786.0,53,2,3582.62,174,2617,1791.31,0,0,1
15788.0,144,1,221.82999999999998,14,115,221.82999999999998,1,1,1
15789.0,67,5,1610.71,90,2061,322.142,0,0,0
15791.0,165,3,1995.65,77,1239,665.2166666666667,0,0,0
15792.0,35,2,933.84,57,606,466.92,0,0,1
15793.0,14,5,1433.96,9,1132,286.79200000000003,0,0,0
15794.0,372,2,777.0,15,288,388.5,1,0,1
15795.0,66,7,1369.8600000000001,74,830,195.69428571428574,0,0,0
15796.0,10,9,2464.27,109,874,273.8077777777778,0,0,0
15797.0,217,2,613.6800000000001,4,408,306.84000000000003,1,1,1
15798.0,128,3,1535.37,71,915,511.78999999999996,0,0,0
15799.0,54,1,540.15,54,387,540.15,1,0,1
15800.0,89,5,543.5,98,253,108.7,1,0,0
15803.0,81,3,1513.84,43,740,504.6133333333333,0,0,0
15805.0,21,13,4660.75,181,2838,358.5192307692308,0,0,0
15807.0,44,2,913.62,40,1102,456.81,0,0,1
15808.0,5,18,14674.960000000001,326,5886,815.2755555555556,0,0,0
15809.0,95,2,758.67,22,399,379.335,1,0,1
15810.0,22,4,1607.06,56,792,401.765,0,0,0
15811.0,1,2,1671.9,120,851,835.95,0,0,1
15812.0,71,7,3400.33,58,2528,485.76142857142855,0,0,0
15814.0,29,2,689.11,23,457,344.555,1,0,1
15816.0,178,2,144.14999999999998,11,54,72.07499999999999,1,1,1
15817.0,56,3,2766.4,132,1596,922.1333333333333,0,0,0
15818.0,224,1,340.5,11,284,340.5,1,1,1
15819.0,67,6,2029.34,112,1571,338.2233333333333,0,0,0
15822.0,129,4,954.59,25,575,238.6475,1,0,0
15823.0,8,3,3882.17,155,1774,1294.0566666666666,0,0,0
15824.0,89,2,890.94,25,478,445.47,1,0,1
15826.0,204,1,943.97,51,861,943.97,0,0,1
15827.0,8,16,1957.98,76,942,122.37375,0,0,0
15828.0,11,1,1108.82,74,367,1108.82,0,0,1
15833.0,373,1,80.4,5,24,80.4,1,1,1
15834.0,12,3,1539.24,105,854,513.08,0,0,0
15837.0,121,1,385.03000000000003,28,216,385.03000000000003,1,1,1
15838.0,3,16,40519.92,13,46296,2532.495,0,0,0
15841.0,22,5,1518.35,41,1449,303.66999999999996,0,0,0
15842.0,29,2,548.8,24,296,274.4,1,0,1
15845.0,172,3,714.51,36,202,238.17,1,0,0
15846.0,21,1,107.01,27,79,107.01,1,1,1
15847.0,64,3,433.3,22,194,144.43333333333334,1,1,0
15848.0,257,1,139.94,34,46,139.94,1,1,1
15850.0,12,4,819.87,198,1077,204.9675,0,0,0
15851.0,162,1,109.73,8,67,109.73,1,1,1
15852.0,162,1,96.55,11,12,96.55,1,1,1
15854.0,12,9,2609.16,83,765,289.90666666666664,0,0,0
15855.0,112,1,340.48,15,242,340.48,1,1,1
15856.0,1,26,17832.77,190,9427,685.8757692307693,0,0,0
15857.0,66,1,273.48,10,276,273.48,1,1,1
15858.0,3,9,2521.52,213,1752,280.1688888888889,0,0,0
15859.0,68,1,438.46,22,174,438.46,1,1,1
15860.0,4,10,1528.0,171,902,152.8,0,0,0
15861.0,92,4,1236.43,194,1316,309.1075,0,0,0
15862.0,9,10,2095.41,354,1095,209.541,0,0,0
15863.0,253,3,289.86,56,145,96.62,1,1,0
15864.0,17,1,244.44000000000003,3,294,244.44000000000003,1,1,1
15865.0,49,2,1353.79,86,779,676.895,0,0,1
15867.0,5,17,5251.31,389,3085,308.90058823529415,0,0,0
15868.0,219,1,94.53,4,57,94.53,1,1,1
15869.0,262,1,174.02,18,99,174.02,1,1,1
15870.0,32,3,508.52,61,173,169.50666666666666,1,1,0
15871.0,73,1,33.099999999999994,5,5,33.099999999999994,1,1,1
15872.0,14,2,434.75,70,294,217.375,1,0,1
15873.0,135,4,313.91999999999996,3,1152,78.47999999999999,1,0,0
15874.0,23,14,6878.88,172,2568,491.34857142857146,0,0,0
15875.0,282,1,111.72,18,76,111.72,1,1,1
15876.0,45,2,1449.1399999999999,11,886,724.5699999999999,0,0,1
15878.0,197,2,330.77,47,243,165.385,1,1,1
15879.0,40,4,1157.3,172,643,289.325,0,0,0
15880.0,5,1,343.28000000000003,95,211,343.28000000000003,1,0,1
15882.0,4,6,979.62,46,538,163.27,0,0,0
15884.0,68,2,249.70000000000002,14,158,124.85000000000001,1,1,1
15885.0,19,12,1572.47,68,511,131.03916666666666,0,0,0
15886.0,52,3,871.78,47,520,290.5933333333333,0,0,0
15887.0,42,3,1027.15,27,605,342.3833333333334,0,0,0
15888.0,36,2,260.85,24,63,130.425,1,1,1
15889.0,5,7,1359.41,238,774,194.20142857142858,0,0,0
15890.0,30,5,535.65,10,119,107.13,1,1,0
15892.0,305,1,128.2,38,46,128.2,1,1,1
15893.0,117,1,305.28000000000003,1,288,305.28000000000003,1,1,1
15894.0,5,1,156.74,32,115,156.74,1,1,1
15898.0,3,22,4207.43,288,1848,191.24681818181818,0,0,0
15899.0,4,1,56.25,4,39,56.25,1,1,1
15900.0,49,3,549.29,68,440,183.09666666666666,1,0,0
15901.0,87,4,339.34,49,318,84.835,1,1,0
15902.0,16,1,145.01,18,124,145.01,1,1,1
15903.0,14,5,3813.0800000000004,20,1516,762.6160000000001,0,0,0
15905.0,179,1,114.69,22,82,114.69,1,1,1
15906.0,10,3,987.95,41,207,329.31666666666666,0,0,0
15908.0,126,2,764.57,37,174,382.285,1,0,1
15910.0,36,7,1449.6200000000001,246,1156,207.08857142857144,0,0,0
15911.0,259,8,1702.34,163,811,212.7925,0,0,0
15912.0,72,7,810.08,66,574,115.72571428571429,0,0,0
15913.0,170,1,6.300000000000001,1,3,6.300000000000001,1,1,1
15914.0,14,2,205.99,13,149,102.995,1,1,1
15915.0,37,1,429.21,105,451,429.21,1,0,1
15916.0,2,7,1899.08,140,946,271.29714285714283,0,0,0
15917.0,242,4,437.53000000000003,116,221,109.38250000000001,1,1,0
15918.0,267,1,248.65,21,87,248.65,1,1,1
15919.0,4,1,270.72,38,242,270.72,1,1,1
15920.0,60,5,404.14,42,141,80.828,1,1,0
15921.0,32,3,466.08,52,176,155.35999999999999,1,1,0
15922.0,9,1,369.5,11,138,369.5,1,1,1
15923.0,8,1,127.08,21,122,127.08,1,1,1
15924.0,367,1,102.82,14,103,102.82,1,1,1
15926.0,178,1,134.44,7,155,134.44,1,1,1
15927.0,283,1,123.39,13,69,123.39,1,1,1
15928.0,292,1,293.53,11,164,293.53,1,1,1
15929.0,280,1,594.0,1,120,594.0,1,1,1
15931.0,64,1,239.9,14,118,239.9,1,1,1
15934.0,53,2,2190.66,29,2166,1095.33,0,0,1
15936.0,15,2,282.79,16,211,141.395,1,1,1
15938.0,92,4,330.23,19,209,82.5575,1,1,0
15939.0,10,1,2945.38,41,1532,2945.38,0,0,1
15941.0,273,1,405.0,6,60,405.0,1,1,1
15943.0,285,2,271.28999999999996,12,183,135.64499999999998,1,1,1
15944.0,29,3,1839.1399999999999,26,809,613.0466666666666,0,0,0
15945.0,1,4,646.27,24,345,161.5675,0,0,0
15946.0,138,3,2304.18,25,1614,768.06,0,0,0
15948.0,60,1,553.85,35,285,553.85,1,1,1
15950.0,11,6,5415.2,200,2655,902.5333333333333,0,0,0
15951.0,17,1,304.95,18,107,304.95,1,1,1
15953.0,5,11,2010.1699999999998,61,960,182.74272727272725,0,0,0
15954.0,225,1,190.75,20,119,190.75,1,1,1
15955.0,8,9,4242.1,115,2078,471.3444444444445,0,0,0
15956.0,187,2,617.6,18,278,308.8,1,0,1
15957.0,56,2,501.21,88,247,250.605,1,1,1
15958.0,39,3,388.64,45,131,129.54666666666665,1,1,0
15959.0,318,3,579.49,58,282,193.16333333333333,1,0,0
15960.0,10,4,410.95,24,258,102.7375,1,1,0
15961.0,15,1,451.28999999999996,42,154,451.28999999999996,1,0,1
15962.0,85,1,295.83,43,235,295.83,1,1,1
15964.0,299,1,272.96000000000004,20,94,272.96000000000004,1,1,1
15965.0,3,10,2167.45,146,980,216.74499999999998,0,0,0
15966.0,86,1,426.53000000000003,27,275,426.53000000000003,1,1,1
15967.0,15,10,2622.77,275,993,262.277,0,0,0
15968.0,24,1,418.05,69,253,418.05,1,0,1
15969.0,61,2,460.95,15,99,230.475,1,1,1
15970.0,234,1,703.22,13,382,703.22,1,1,1
15971.0,21,6,1702.98,3,534,283.83,0,0,0
15972.0,92,5,1810.27,104,480,362.054,0,0,0
15973.0,2,3,680.62,8,195,226.87333333333333,1,0,0
15976.0,46,4,1315.7,206,801,328.925,0,0,0
15978.0,68,2,2180.64,72,1556,1090.32,0,0,1
15979.0,238,1,329.22,22,450,329.22,1,1,1
15980.0,126,4,4194.82,65,3302,1048.705,0,0,0
15981.0,37,13,5954.29,112,2961,458.02230769230766,0,0,0
15982.0,241,1,324.51,45,131,324.51,1,1,1
15983.0,1,6,2483.8,112,1558,413.9666666666667,0,0,0
15984.0,4,21,5921.65,295,4241,281.9833333333333,0,0,0
15985.0,72,5,1572.8600000000001,37,1664,314.572,0,0,0
15986.0,17,1,186.3,11,100,186.3,1,1,1
15987.0,4,2,230.85,47,159,115.425,1,0,1
15988.0,187,2,612.0600000000001,92,305,306.03000000000003,1,0,1
15989.0,11,2,372.51,81,171,186.255,1,0,1
15990.0,130,5,1217.94,86,647,243.58800000000002,0,0,0
15991.0,170,1,150.55,6,41,150.55,1,1,1
15992.0,32,2,854.61,51,497,427.305,0,0,1
15994.0,47,2,775.11,69,292,387.555,0,0,1
15995.0,50,1,696.19,108,353,696.19,0,0,1
15996.0,2,2,626.22,68,363,313.11,0,0,1
15998.0,29,11,5218.37,530,3331,474.3972727272727,0,0,0
15999.0,371,1,20.4,1,24,20.4,1,1,1
16001.0,17,1,583.39,29,337,583.39,1,0,1
16002.0,261,1,169.21,42,70,169.21,1,1,1
16003.0,17,5,2878.46,91,1025,575.692,0,0,0
16004.0,110,5,2146.39,66,1076,429.27799999999996,0,0,0
16005.0,11,6,1820.83,172,1010,303.47166666666664,0,0,0
16006.0,23,1,245.77,67,127,245.77,1,1,1
16007.0,19,3,1373.2,211,1250,457.73333333333335,0,0,0
16008.0,18,12,4905.35,65,2950,408.7791666666667,0,0,0
16010.0,12,8,1316.56,69,721,164.57,0,0,0
16011.0,2,14,2517.75,142,1429,179.83928571428572,0,0,0
16012.0,37,2,1574.5,138,967,787.25,0,0,1
16013.0,7,39,20315.84,30,10416,520.9189743589743,0,0,0
16014.0,44,2,467.89,127,213,233.945,1,1,1
16016.0,2,4,1025.18,87,439,256.295,0,0,0
16017.0,53,4,1341.95,82,538,335.4875,0,0,0
16018.0,32,2,289.23,27,313,144.615,1,1,1
16019.0,17,18,13679.61,156,5243,759.9783333333334,0,0,0
16021.0,31,2,532.25,117,297,266.125,0,1,1
16024.0,47,2,232.96,21,107,116.48,1,1,1
16027.0,93,9,1113.74,11,952,123.74888888888889,0,0,0
16028.0,231,1,82.2,5,18,82.2,1,1,1
16029.0,8,47,41184.3,28,16278,876.2617021276596,0,0,0
16032.0,92,6,1970.45,130,1480,328.40833333333336,0,0,0
16033.0,5,8,2019.73,173,749,252.46625,0,0,0
16034.0,30,3,491.02,28,355,163.67333333333332,1,1,0
16035.0,196,1,217.73,21,33,217.73,1,1,1
16036.0,60,2,1797.92,79,653,898.96,0,0,1
16037.0,180,2,654.32,32,338,327.16,1,0,1
16039.0,59,2,456.4,29,409,228.2,1,0,1
16040.0,66,4,1103.35,50,501,275.8375,0,0,0
16042.0,15,3,1067.85,50,687,355.95,0,0,0
16043.0,15,4,1082.6000000000001,30,508,270.65000000000003,0,0,0
16044.0,71,1,340.84000000000003,19,170,340.84000000000003,1,1,1
16045.0,52,4,2094.23,61,1211,523.5575,0,0,0
16046.0,198,1,235.78,22,248,235.78,1,1,1
16047.0,318,1,107.14,1,1,107.14,1,1,1
16048.0,9,4,818.7900000000001,30,425,204.69750000000002,0,0,0
16049.0,11,3,787.89,176,372,262.63,0,0,0
16050.0,19,2,162.8,9,110,81.4,1,1,1
16051.0,317,1,188.44,12,80,188.44,1,1,1
16053.0,49,4,2122.89,102,1274,530.7225,0,0,0
16054.0,54,3,1327.98,49,411,442.66,0,0,0
16057.0,155,3,1591.73,91,828,530.5766666666667,0,0,0
16058.0,42,1,62.7,2,18,62.7,1,1,1
16059.0,3,7,1757.91,146,866,251.13000000000002,0,0,0
16060.0,36,3,541.95,22,243,180.65,1,1,0
16061.0,67,1,89.65,3,19,89.65,1,1,1
16062.0,15,4,1709.83,100,1235,427.4575,0,0,0
16064.0,361,1,111.0,17,56,111.0,1,1,1
16065.0,1,8,2010.53,215,1216,251.31625,0,0,0
16067.0,198,3,3395.29,61,1279,1131.7633333333333,0,0,0
16068.0,229,1,122.93,34,52,122.93,1,1,1
16069.0,53,1,457.7,25,138,457.7,1,1,1
16071.0,163,3,750.5600000000001,49,517,250.1866666666667,1,0,0
16072.0,64,3,3744.57,408,1471,1248.19,0,0,0
16074.0,26,1,265.25,23,39,265.25,1,1,1
16075.0,138,2,736.9300000000001,41,271,368.46500000000003,1,0,1
16077.0,261,1,2300.4,8,840,2300.4,0,0,1
16078.0,305,1,283.79,38,184,283.79,1,1,1
16080.0,21,2,385.40000000000003,20,170,192.70000000000002,1,1,1
16081.0,2,4,1653.28,146,767,413.32,0,0,0
16082.0,306,1,106.75,16,39,106.75,1,1,1
16083.0,18,2,1033.8,38,606,516.9,0,0,1
16085.0,16,7,1362.02,168,748,194.5742857142857,0,0,0
16086.0,3,6,1743.6,61,1015,290.59999999999997,0,0,0
16087.0,25,5,1739.92,6,664,347.98400000000004,0,0,0
16088.0,211,2,1437.43,3,373,718.715,1,1,1
16089.0,22,2,271.44,42,122,135.72,1,1,1
16090.0,260,1,205.91,18,65,205.91,1,1,1
16092.0,140,3,770.08,28,560,256.6933333333333,1,0,0
16094.0,11,7,2617.33,76,1373,373.9042857142857,0,0,0
16095.0,92,1,447.05,30,265,447.05,1,1,1
16096.0,52,3,1264.3500000000001,50,545,421.45000000000005,0,0,0
16098.0,9,8,2442.47,72,1537,305.30875,0,0,0
16099.0,53,4,841.3,22,526,210.325,1,0,0
16100.0,98,1,582.64,37,438,582.64,1,0,1
16101.0,70,3,1938.46,98,1087,646.1533333333333,0,0,0
16103.0,25,16,4762.07,92,2081,297.629375,0,0,0
16104.0,54,8,2476.25,166,925,309.53125,0,0,0
16105.0,74,4,2049.23,80,1795,512.3075,0,0,0
16108.0,70,3,1393.42,80,858,464.47333333333336,0,0,0
16109.0,334,1,327.6,13,480,327.6,1,1,1
16110.0,158,1,481.79,84,169,481.79,1,1,1
16111.0,64,1,562.48,72,236,562.48,1,0,1
16115.0,33,4,907.17,106,600,226.7925,0,0,0
16117.0,38,2,422.19,47,191,211.095,1,1,1
16118.0,288,1,4376.25,41,2851,4376.25,0,0,1
16119.0,30,6,1297.45,31,571,216.24166666666667,0,0,0
16120.0,58,2,1747.77,60,1327,873.885,0,0,1
16121.0,26,3,609.98,115,311,203.32666666666668,0,0,0
16122.0,2,3,316.92,15,270,105.64,1,0,0
16124.0,54,3,1523.49,59,749,507.83,0,0,0
16125.0,3,14,4298.3,181,1820,307.0214285714286,0,0,0
16126.0,15,11,8359.03,126,4017,759.9118181818183,0,0,0
16127.0,362,1,145.06,35,68,145.06,1,1,1
16128.0,16,6,1920.83,82,1457,320.1383333333333,0,0,0
16129.0,43,3,1396.05,92,1261,465.34999999999997,0,0,0
16130.0,58,4,987.48,53,296,246.87,0,0,0
16131.0,11,6,6450.88,111,2966,1075.1466666666668,0,0,0
16132.0,180,2,664.1999999999999,14,280,332.09999999999997,1,0,1
16133.0,12,23,8403.22,132,4766,365.3573913043478,0,0,0
16134.0,59,3,1527.25,69,1266,509.0833333333333,0,0,0
16135.0,219,1,301.9,18,186,301.9,1,1,1
16136.0,299,1,237.42,9,234,237.42,1,1,1
16137.0,316,1,422.7,28,210,422.7,1,1,1
16138.0,14,3,910.35,35,774,303.45,0,0,0
16139.0,358,2,475.74,23,272,237.87,1,1,1
16140.0,7,2,832.4200000000001,33,646,416.21000000000004,0,0,1
16141.0,53,1,335.54,20,172,335.54,1,1,1
16143.0,5,7,2485.89,76,1092,355.1271428571428,0,0,0
16145.0,24,8,3005.9500000000003,111,2147,375.74375000000003,0,0,0
16146.0,84,1,212.25,12,117,212.25,1,1,1
16147.0,36,4,2023.91,102,1149,505.9775,0,0,0
16148.0,72,1,310.3,8,178,310.3,1,1,1
16149.0,65,1,141.70000000000002,12,290,141.70000000000002,1,1,1
16150.0,8,6,2342.57,91,1117,390.42833333333334,0,0,0
16153.0,56,6,3309.2599999999998,113,2620,551.5433333333333,0,0,0
16155.0,17,5,796.9,45,495,159.38,0,0,0
16156.0,18,11,3096.14,102,1932,281.4672727272727,0,0,0
16158.0,158,9,628.32,29,182,69.81333333333333,1,1,0
16159.0,106,3,884.59,29,399,294.86333333333334,1,0,0
16161.0,4,25,7256.24,292,3781,290.2496,0,0,0
16163.0,1,5,1992.98,59,576,398.596,0,0,0
16165.0,141,1,79.9,1,2,79.9,1,1,1
16166.0,64,2,435.83,20,173,217.915,1,1,1
16167.0,50,5,1386.1200000000001,52,1494,277.22400000000005,0,0,0
16168.0,5,40,6848.87,105,3207,171.22175,0,0,0
16170.0,31,14,4983.95,193,4286,355.99642857142857,0,0,0
16172.0,109,3,744.34,41,632,248.11333333333334,1,0,0
16174.0,127,4,1237.2,15,780,309.3,1,0,0
16175.0,107,3,798.85,32,399,266.28333333333336,1,0,0
16176.0,57,4,2052.69,56,952,513.1725,0,0,0
16177.0,72,7,1915.36,67,926,273.62285714285713,0,0,0
16178.0,37,1,414.7,17,210,414.7,1,1,1
16180.0,114,5,5995.69,106,3946,1199.138,0,0,0
16182.0,74,5,3354.0,10,2096,670.8,0,0,0
16183.0,30,3,739.1,17,238,246.36666666666667,1,1,0
16185.0,200,1,115.31,9,61,115.31,1,1,1
16186.0,8,15,5019.17,127,3805,334.61133333333333,0,0,0
16188.0,44,1,105.80000000000001,7,56,105.80000000000001,1,1,1
16190.0,30,7,2508.4700000000003,91,1143,358.3528571428572,0,0,0
16191.0,11,11,10507.5,54,6009,955.2272727272727,0,0,0
16192.0,371,1,351.3,11,208,351.3,1,1,1
16193.0,46,1,315.98,19,160,315.98,1,1,1
16194.0,11,1,308.59999999999997,8,140,308.59999999999997,1,1,1
16195.0,359,1,323.25,16,123,323.25,1,1,1
16196.0,124,1,93.3,4,26,93.3,1,1,1
16197.0,105,9,2016.71,52,1420,224.07888888888888,0,0,0
16198.0,73,1,629.36,18,255,629.36,1,1,1
16199.0,28,7,942.75,2,321,134.67857142857142,1,0,0
16200.0,18,10,4562.83,249,2566,456.283,0,0,0
16201.0,51,1,248.65,13,135,248.65,1,1,1
16202.0,53,8,2136.72,95,1116,267.09,0,0,0
16203.0,8,3,521.64,41,345,173.88,1,0,0
16204.0,16,2,538.53,47,455,269.265,1,0,1
16205.0,32,3,1069.23,90,938,356.41,0,0,0
16206.0,23,9,2065.26,140,1112,229.47333333333336,0,0,0
16208.0,30,8,2776.19,140,1208,347.02375,0,0,0
16209.0,18,4,1884.16,17,716,471.04,0,0,0
16210.0,4,19,17403.21,109,6704,915.9584210526315,0,0,0
16211.0,57,2,543.5699999999999,13,365,271.78499999999997,1,0,1
16212.0,254,2,603.37,36,327,301.685,1,0,1
16214.0,71,1,975.5,54,888,975.5,0,0,1
16218.0,9,7,1355.29,63,1149,193.61285714285714,0,0,0
16219.0,136,1,40.8,1,48,40.8,1,1,1
16221.0,3,7,1370.65,104,798,195.80714285714288,0,0,0
16222.0,357,1,498.5,23,138,498.5,1,1,1
16223.0,10,2,1102.3500000000001,101,651,551.1750000000001,0,0,1
16224.0,23,1,321.24,20,439,321.24,1,1,1
16225.0,38,10,1771.0900000000001,123,792,177.109,0,0,0
16226.0,14,2,417.05,20,329,208.525,1,1,1
16227.0,130,2,713.0,23,346,356.5,1,0,1
16228.0,21,3,890.8100000000001,45,561,296.93666666666667,0,0,0
16229.0,17,4,1857.26,117,974,464.315,0,0,0
16231.0,15,4,1078.22,71,564,269.555,0,0,0
16232.0,56,3,1722.09,50,1299,574.03,0,0,0
16233.0,2,7,1429.03,35,515,204.14714285714285,0,0,0
16234.0,112,3,333.18,13,170,111.06,1,1,0
16235.0,11,4,1186.4,55,458,296.6,0,0,0
16237.0,73,1,136.65,7,57,136.65,1,1,1
16238.0,58,1,63.66,6,85,63.66,1,1,1
16239.0,18,4,1078.0,9,464,269.5,1,0,0
16241.0,5,4,1721.44,264,924,430.36,0,0,0
16242.0,17,7,3871.19,257,1973,553.0271428571428,0,0,0
16244.0,8,1,1056.63,63,619,1056.63,0,0,1
16246.0,95,2,827.25,79,338,413.625,1,0,1
16250.0,9,2,401.94,22,168,200.97,1,1,1
16251.0,148,1,128.31,20,44,128.31,1,1,1
16252.0,18,1,295.09000000000003,21,158,295.09000000000003,1,1,1
16253.0,56,5,3626.29,145,2828,725.258,0,0,0
16254.0,14,3,985.14,65,549,328.38,0,0,0
16255.0,1,8,2286.89,146,1283,285.86125,0,0,0
16256.0,129,2,876.9399999999999,16,1009,438.46999999999997,1,0,1
16258.0,23,10,6739.01,167,4206,673.9010000000001,0,0,0
16259.0,46,3,361.94,76,162,120.64666666666666,1,1,0
16261.0,22,2,312.62,40,153,156.31,1,1,1
16262.0,14,1,755.15,46,446,755.15,0,0,1
16263.0,59,1,351.01,19,200,351.01,1,1,1
16264.0,74,2,837.53,62,632,418.765,0,0,1
16265.0,22,3,1488.17,67,568,496.0566666666667,0,0,0
16266.0,59,7,896.06,41,393,128.00857142857143,0,0,0
16267.0,227,1,186.66,7,198,186.66,1,1,1
16269.0,73,1,717.57,53,579,717.57,1,0,1
16271.0,93,5,2033.78,118,1361,406.756,0,0,0
16273.0,284,2,336.03999999999996,15,46,168.01999999999998,1,1,1
16274.0,9,1,357.95,64,155,357.95,1,0,1
16275.0,110,2,1591.24,77,932,795.62,0,0,1
16276.0,115,2,1818.79,16,1047,909.395,0,0,1
16277.0,369,1,188.69,23,33,188.69,1,1,1
16278.0,116,2,551.46,30,228,275.73,1,0,1
16279.0,21,6,4195.5,173,2637,699.25,0,0,0
16280.0,361,1,238.05,16,101,238.05,1,1,1
16281.0,59,2,1361.96,19,636,680.98,0,0,1
16282.0,123,2,1139.28,21,676,569.64,1,0,1
16283.0,54,3,2833.01,287,1653,944.3366666666667,0,0,0
16284.0,29,1,205.8,30,139,205.8,1,1,1
16285.0,282,1,176.9,31,60,176.9,1,1,1
16286.0,113,2,328.95,17,101,164.475,1,1,1
16287.0,12,4,864.48,19,1128,216.12,0,0,0
16288.0,106,1,129.85,7,19,129.85,1,1,1
16289.0,98,1,136.31,21,97,136.31,1,1,1
16290.0,100,4,2069.3,85,1001,517.325,0,0,0
16291.0,318,1,117.72,1,1,117.72,1,1,1
16292.0,16,4,951.51,38,497,237.8775,0,0,0
16293.0,3,6,2408.96,95,1040,401.49333333333334,0,0,0
16294.0,112,1,126.05000000000001,8,54,126.05000000000001,1,1,1
16296.0,262,4,1313.67,56,645,328.4175,0,0,0
16298.0,33,4,487.5,16,110,121.875,1,1,0
16299.0,113,1,193.65,12,107,193.65,1,1,1
16300.0,66,3,1392.43,193,658,464.1433333333334,0,0,0
16301.0,372,1,107.33,6,41,107.33,1,1,1
16303.0,28,4,2567.64,69,1200,641.91,0,0,0
16304.0,330,1,381.66,25,228,381.66,1,1,1
16306.0,3,2,560.55,27,255,280.275,1,0,1
16307.0,65,3,1194.92,70,1123,398.3066666666667,0,0,0
16308.0,42,3,2560.0,1,8000,853.3333333333334,0,0,0
16310.0,50,2,460.08,26,270,230.04,1,0,1
16312.0,68,1,171.15,10,53,171.15,1,1,1
16314.0,25,3,1491.4,58,636,497.1333333333334,0,0,0
16315.0,172,1,176.34,9,68,176.34,1,1,1
16316.0,16,5,2806.0,116,1573,561.2,0,0,0
16317.0,186,2,850.86,47,346,425.43,1,0,1
16320.0,89,4,4590.53,139,2587,1147.6325,0,0,0
16321.0,262,2,230.9,10,124,115.45,1,1,1
16323.0,213,1,146.16,3,96,146.16,1,1,1
16325.0,60,9,3003.26,99,2270,333.6955555555556,0,0,0
16326.0,19,10,1716.03,132,411,171.603,0,0,0
16327.0,5,11,6887.12,265,5969,626.1018181818182,0,0,0
16328.0,199,1,310.83,16,141,310.83,1,1,1
16329.0,63,4,1703.07,83,826,425.7675,0,0,0
16330.0,60,4,382.42,71,180,95.605,1,1,0
16331.0,68,6,2037.7,33,756,339.6166666666667,0,0,0
16332.0,67,4,417.21000000000004,41,331,104.30250000000001,1,1,0
16334.0,128,1,277.48,52,211,277.48,1,1,1
16335.0,187,7,2774.0,199,1016,396.2857142857143,0,0,0
16336.0,56,4,3517.69,64,1473,879.4225,0,0,0
16340.0,75,2,976.99,172,844,488.495,0,0,1
16341.0,73,3,1878.92,68,1624,626.3066666666667,0,0,0
16343.0,43,1,316.59,28,227,316.59,1,1,1
16344.0,145,3,741.3199999999999,42,688,247.10666666666665,1,0,0
16345.0,119,1,623.33,68,331,623.33,1,0,1
16346.0,21,1,224.51,15,289,224.51,1,1,1
16347.0,24,9,2621.76,172,1397,291.3066666666667,0,0,0
16348.0,66,1,328.77,29,359,328.77,1,1,1
16350.0,10,5,1137.42,49,532,227.484,0,0,0
16351.0,47,12,3176.13,125,2075,264.6775,0,0,0
16353.0,5,16,3323.75,47,1525,207.734375,0,0,0
16354.0,15,3,733.71,87,449,244.57000000000002,0,0,0
16355.0,11,1,416.35,47,179,416.35,1,0,1
16356.0,12,3,204.10000000000002,17,97,68.03333333333335,1,1,0
16357.0,17,1,209.49,13,143,209.49,1,1,1
16358.0,30,1,892.1500000000001,45,763,892.1500000000001,0,0,1
16359.0,12,7,946.83,52,581,135.26142857142858,0,0,0
16362.0,73,1,212.17,13,127,212.17,1,1,1
16365.0,3,7,1766.78,63,631,252.39714285714285,0,0,0
16366.0,218,3,1220.83,57,626,406.9433333333333,0,0,0
16367.0,19,1,557.91,90,470,557.91,0,0,1
16368.0,71,1,142.78,20,57,142.78,1,1,1
16369.0,72,4,1111.15,36,559,277.7875,0,0,0
16371.0,84,1,157.2,11,108,157.2,1,1,1
16372.0,45,3,960.68,202,582,320.22666666666663,0,0,0
16373.0,18,2,309.49,25,119,154.745,1,1,1
16374.0,38,3,1298.42,211,560,432.8066666666667,0,0,0
16375.0,106,2,104.0,11,74,52.0,1,1,1
16377.0,253,1,632.28,5,1428,632.28,1,0,1
16381.0,31,2,258.7,60,112,129.35,1,1,1
16382.0,44,2,353.1,43,167,176.55,1,1,1
16383.0,32,5,2306.48,203,1145,461.296,0,0,0
16384.0,65,2,774.4499999999999,48,601,387.22499999999997,0,0,1
16385.0,2,3,474.72,66,288,158.24,0,0,0
16386.0,23,1,785.39,54,499,785.39,0,0,1
16387.0,31,4,824.19,69,413,206.0475,0,0,0
16388.0,289,1,186.05,13,83,186.05,1,1,1
16390.0,172,3,467.5,16,122,155.83333333333334,1,1,0
16391.0,36,4,1103.61,263,748,275.9025,0,0,0
16392.0,49,2,541.86,94,406,270.93,1,0,1
16393.0,5,11,2515.45,255,1556,228.6772727272727,0,0,0
16395.0,29,9,2050.95,324,1443,227.88333333333333,0,0,0
16396.0,112,1,137.8,8,80,137.8,1,1,1
16397.0,264,1,127.88,9,50,127.88,1,1,1
16399.0,25,1,233.25,37,192,233.25,1,1,1
16400.0,31,8,2855.5099999999998,188,1987,356.93874999999997,0,0,0
16401.0,15,11,2750.83,93,2153,250.07545454545453,0,0,0
16402.0,5,1,211.8,53,105,211.8,1,1,1
16406.0,86,2,389.61,85,149,194.805,1,1,1
16407.0,25,4,694.72,43,360,173.68,0,0,0
16408.0,227,1,231.93,45,227,231.93,1,1,1
16409.0,16,7,3680.16,293,2400,525.7371428571429,0,0,0
16410.0,370,1,130.32,5,348,130.32,1,1,1
16411.0,5,3,695.54,119,411,231.84666666666666,0,0,0
16412.0,29,4,495.4,73,238,123.85,1,1,0
16413.0,11,1,266.78000000000003,32,136,266.78000000000003,1,1,1
16414.0,67,3,433.46000000000004,55,175,144.48666666666668,1,1,0
16415.0,219,2,509.09000000000003,79,340,254.54500000000002,1,0,1
16416.0,26,6,1921.48,92,1538,320.24666666666667,0,0,0
16417.0,128,1,35.7,1,6,35.7,1,1,1
16418.0,44,2,426.67,55,292,213.335,1,1,1
16419.0,213,2,515.1899999999999,34,285,257.59499999999997,1,1,1
16420.0,32,1,75.0,2,120,75.0,1,1,1
16421.0,12,3,526.27,35,123,175.42333333333332,1,1,0
16422.0,5,59,28967.07,106,32665,490.9672881355932,0,0,0
16424.0,18,1,309.5,8,124,309.5,1,1,1
16428.0,49,3,660.28,121,595,220.09333333333333,0,0,0
16430.0,17,6,817.09,18,204,136.18166666666667,1,1,0
16433.0,44,1,200.26,17,108,200.26,1,1,1
16434.0,82,5,1219.49,56,571,243.898,0,0,0
16435.0,148,3,1011.5699999999999,118,609,337.19,0,0,0
16436.0,304,3,329.34,37,239,109.77999999999999,1,1,0
16437.0,17,2,301.25,17,197,150.625,1,1,1
16439.0,358,1,310.70000000000005,9,74,310.70000000000005,1,1,1
16440.0,129,1,216.3,25,90,216.3,1,1,1
16441.0,53,3,653.23,56,311,217.74333333333334,1,0,0
16442.0,240,2,282.68,74,137,141.34,1,1,1
16443.0,156,1,162.24,1,96,162.24,1,1,1
16444.0,26,13,3001.91,159,1552,230.91615384615383,0,0,0
16445.0,22,3,372.22,93,188,124.07333333333334,1,1,0
16447.0,226,2,516.13,27,100,258.065,1,1,1
16448.0,107,1,178.98000000000002,31,101,178.98000000000002,1,1,1
16450.0,220,2,1193.81,27,481,596.905,1,0,1
16451.0,197,2,746.1800000000001,51,404,373.09000000000003,1,0,1
16452.0,266,2,332.17,14,199,166.085,1,1,1
16453.0,166,2,251.71,15,139,125.855,1,1,1
16454.0,242,2,24.05,2,6,12.025,1,1,0
16455.0,7,6,2543.19,86,2115,423.865,0,0,0
16456.0,9,9,4704.54,200,2577,522.7266666666667,0,0,0
16458.0,11,12,2232.6,68,1252,186.04999999999998,0,0,0
16459.0,365,1,71.78999999999999,5,59,71.78999999999999,1,1,1
16461.0,226,2,1463.8,196,990,731.9,0,0,1
16465.0,56,2,746.24,45,504,373.12,1,0,1
16466.0,19,8,2235.13,135,1017,279.39125,0,0,0
16467.0,144,7,2869.16,14,7384,409.88,0,0,0
16468.0,106,2,712.62,37,340,356.31,1,0,1
16469.0,150,1,178.48000000000002,23,72,178.48000000000002,1,1,1
16470.0,32,7,1696.21,213,826,242.31571428571428,0,0,0
16471.0,29,3,966.03,40,529,322.01,0,0,0
16472.0,70,2,789.6,39,252,394.8,1,0,1
16473.0,10,1,154.72,10,100,154.72,1,1,1
16476.0,67,1,350.35,24,187,350.35,1,1,1
16477.0,7,5,1825.56,96,1217,365.11199999999997,0,0,0
16481.0,318,1,453.38,16,201,453.38,1,1,1
16485.0,68,4,1931.03,95,919,482.7575,0,0,0
16486.0,173,1,134.36,7,24,134.36,1,1,1
16487.0,213,2,209.4,28,163,104.7,1,1,1
16489.0,16,2,303.7,4,38,151.85,1,1,1
16490.0,72,1,205.41000000000003,13,113,205.41000000000003,1,1,1
16491.0,49,1,801.66,48,582,801.66,0,0,1
16492.0,176,1,385.56,23,235,385.56,1,1,1
16493.0,80,3,780.46,50,824,260.15333333333336,0,0,0
16496.0,67,3,731.25,42,653,243.75,1,0,0
16497.0,49,17,3729.59,148,1654,219.38764705882355,0,0,0
16499.0,10,6,2212.89,101,1237,368.815,0,0,0
16500.0,10,3,443.05,19,263,147.68333333333334,1,1,0
16501.0,19,1,1237.23,181,642,1237.23,0,0,1
16502.0,256,2,266.5,41,251,133.25,1,1,1
16503.0,31,7,2182.41,115,966,311.7728571428571,0,0,0
16507.0,208,1,152.76,37,116,152.76,1,1,1
16508.0,266,1,248.8,42,106,248.8,1,1,1
16510.0,8,6,1851.8999999999999,94,984,308.65,0,0,0
16511.0,33,3,868.76,125,370,289.58666666666664,0,0,0
16515.0,15,5,1589.17,106,768,317.834,0,0,0
16518.0,57,2,475.05,28,197,237.525,1,0,1
16519.0,1,3,341.18,25,122,113.72666666666667,1,0,0
16520.0,1,4,1436.05,205,708,359.0125,0,0,0
16521.0,51,3,1148.01,212,1016,382.67,0,0,0
16522.0,71,2,433.36,16,212,216.68,1,1,1
16523.0,51,7,2497.86,65,714,356.83714285714285,0,0,0
16524.0,82,2,308.14,51,260,154.07,1,1,1
16525.0,2,23,11555.19,96,7233,502.39956521739134,0,0,0
16526.0,220,1,426.85,20,173,426.85,1,1,1
16527.0,60,1,1044.38,58,620,1044.38,0,0,1
16529.0,113,3,1556.75,74,553,518.9166666666666,0,0,0
16530.0,304,1,48.349999999999994,3,17,48.349999999999994,1,1,1
16531.0,17,4,1053.74,55,948,263.435,0,0,0
16532.0,67,2,2007.84,1,528,1003.92,1,0,1
16534.0,278,1,635.9,36,168,635.9,1,1,1
16535.0,21,2,407.84,36,329,203.92,1,1,1
16537.0,277,1,23.35,3,59,23.35,1,1,1
16538.0,177,3,399.62,35,257,133.20666666666668,1,1,0
16539.0,9,7,2343.2,76,838,334.74285714285713,0,0,0
16540.0,50,1,226.70000000000002,25,114,226.70000000000002,1,1,1
16541.0,371,1,424.03,38,173,424.03,1,1,1
16542.0,37,1,137.7,9,96,137.7,1,1,1
16543.0,227,1,292.21,18,317,292.21,1,1,1
16544.0,155,4,376.70000000000005,8,150,94.17500000000001,1,1,0
16545.0,11,1,350.52,5,244,350.52,1,1,1
16546.0,8,4,4819.32,58,3818,1204.83,0,0,0
16547.0,182,1,111.71,25,113,111.71,1,1,1
16548.0,235,1,30.15,6,6,30.15,1,1,1
16549.0,33,24,9027.55,677,4913,376.1479166666666,0,0,0
16550.0,4,14,7136.16,233,4187,509.7257142857143,0,0,0
16551.0,59,4,1315.0,45,1106,328.75,0,0,0
16552.0,9,1,95.29,5,39,95.29,1,1,1
16553.0,32,21,10924.19,149,11875,520.1995238095238,0,0,0
16554.0,22,5,2004.6200000000001,80,944,400.92400000000004,0,0,0
16555.0,141,4,1629.79,46,1641,407.4475,0,0,0
16556.0,11,10,4698.79,194,2463,469.879,0,0,0
16558.0,2,19,5535.02,196,2711,291.31684210526316,0,0,0
16559.0,33,1,185.20000000000002,17,73,185.20000000000002,1,1,1
16560.0,33,6,2206.9700000000003,111,1103,367.8283333333334,0,0,0
16562.0,112,1,223.85999999999999,34,264,223.85999999999999,1,1,1
16563.0,36,5,3345.02,46,2110,669.004,0,0,0
16564.0,205,1,87.8,5,40,87.8,1,1,1
16565.0,42,3,599.35,7,165,199.78333333333333,1,0,0
16568.0,63,2,1020.9000000000001,5,366,510.45000000000005,1,1,1
16569.0,267,4,1331.03,23,895,332.7575,0,0,0
16570.0,15,10,3695.91,68,2180,369.591,0,0,0
16571.0,31,7,2827.05,104,2464,403.86428571428576,0,0,0
16574.0,59,2,850.34,58,586,425.17,0,0,1
16576.0,56,2,540.87,32,323,270.435,1,0,1
16577.0,302,1,380.0,23,142,380.0,1,1,1
16578.0,262,1,156.6,9,108,156.6,1,1,1
16579.0,61,1,295.05,14,119,295.05,1,1,1
16583.0,9,2,297.95,18,153,148.975,1,1,1
16584.0,68,3,2227.59,46,1273,742.5300000000001,0,0,0
16585.0,229,2,341.59,16,151,170.795,1,1,1
16586.0,80,2,998.83,19,253,499.415,1,0,1
16588.0,22,4,1361.28,67,882,340.32,0,0,0
16589.0,86,1,153.12,11,168,153.12,1,1,1
16590.0,36,2,605.9,26,240,302.95,1,0,1
16592.0,11,12,3694.23,130,2577,307.8525,0,0,0
16593.0,26,5,741.11,41,261,148.222,1,0,0
16595.0,12,4,1450.02,293,1043,362.505,0,0,0
16596.0,2,3,329.48,17,130,109.82666666666667,1,0,0
16599.0,21,1,172.8,12,159,172.8,1,1,1
16600.0,10,7,1339.89,61,1275,191.41285714285715,0,0,0
16601.0,26,2,439.45,38,261,219.725,1,1,1
16602.0,24,1,235.25,11,93,235.25,1,1,1
16604.0,198,2,432.45,10,175,216.225,1,1,1
16605.0,360,1,60.48,1,144,60.48,1,1,1
16606.0,40,2,357.66,16,148,178.83,1,1,1
16607.0,35,11,2359.16,101,1577,214.4690909090909,0,0,0
16608.0,89,2,1288.72,94,613,644.36,0,0,1
16611.0,39,5,1655.64,80,827,331.12800000000004,0,0,0
16612.0,15,5,2057.77,72,913,411.554,0,0,0
16614.0,38,2,673.6,23,126,336.8,1,0,1
16615.0,262,1,291.5,19,211,291.5,1,1,1
16619.0,19,3,1712.1200000000001,95,922,570.7066666666667,0,0,0
16620.0,25,4,1579.97,73,1058,394.9925,0,0,0
16622.0,179,1,225.4,12,44,225.4,1,1,1
16623.0,37,3,885.79,40,403,295.2633333333333,0,0,0
16625.0,58,4,1320.95,69,893,330.2375,0,0,0
16628.0,43,2,130.05,8,55,65.025,1,1,1
16630.0,43,1,106.80000000000001,4,72,106.80000000000001,1,1,1
16631.0,117,7,1892.52,50,775,270.36,0,0,0
16632.0,121,2,406.4,23,256,203.2,1,1,1
16634.0,8,5,1596.71,73,1239,319.342,0,0,0
16635.0,42,1,473.0,25,277,473.0,1,1,1
16636.0,74,4,3802.04,63,2186,950.51,0,0,0
16638.0,4,6,749.8100000000001,44,396,124.96833333333335,0,0,0
16639.0,45,1,490.47,31,241,490.47,1,1,1
16640.0,33,1,179.4,13,146,179.4,1,1,1
16641.0,337,1,323.40000000000003,24,198,323.40000000000003,1,1,1
16642.0,51,1,389.12,20,296,389.12,1,1,1
16643.0,58,1,435.6,28,284,435.6,1,1,1
16645.0,371,1,160.39,14,117,160.39,1,1,1
16646.0,85,1,678.8,29,1072,678.8,1,1,1
16647.0,78,2,327.84,16,250,163.92,1,1,1
16648.0,91,2,382.14,18,222,191.07,1,1,1
16649.0,156,1,306.58000000000004,20,82,306.58000000000004,1,1,1
16650.0,56,6,1397.69,53,1139,232.94833333333335,0,0,0
16651.0,222,1,136.2,6,60,136.2,1,1,1
16652.0,40,9,10776.42,110,4194,1197.38,0,0,0
16654.0,4,5,1110.2,51,421,222.04000000000002,0,0,0
16655.0,47,7,2753.85,243,1646,393.40714285714284,0,0,0
16656.0,56,15,8207.37,17,6539,547.158,0,0,0
16658.0,4,6,690.83,49,277,115.13833333333334,0,0,0
16660.0,58,3,611.9000000000001,5,420,203.9666666666667,1,0,0
16661.0,176,4,986.63,50,385,246.6575,1,0,0
16662.0,30,1,163.8,28,36,163.8,1,1,1
16663.0,365,1,165.0,1,100,165.0,1,1,1
16664.0,205,1,109.2,8,24,109.2,1,1,1
16666.0,257,1,106.96000000000001,15,134,106.96000000000001,1,1,1
16668.0,23,7,555.7,23,455,79.38571428571429,1,1,0
16670.0,29,9,3934.25,161,1978,437.1388888888889,0,0,0
16673.0,315,1,188.83,19,101,188.83,1,1,1
16675.0,77,2,608.86,21,296,304.43,1,0,1
16676.0,38,2,769.78,43,291,384.89,1,0,1
16677.0,47,2,880.62,45,457,440.31,0,0,1
16679.0,2,3,663.31,15,247,221.10333333333332,1,0,0
16680.0,164,2,637.75,16,283,318.875,1,0,1
16681.0,277,1,151.5,5,85,151.5,1,1,1
16683.0,169,1,320.25,18,190,320.25,1,1,1
16684.0,15,27,80489.21,140,54555,2981.081851851852,0,0,0
16686.0,25,9,2008.09,283,1480,223.1211111111111,0,0,0
16687.0,26,1,157.63,8,141,157.63,1,1,1
16690.0,29,2,127.45,5,71,63.725,1,1,1
16691.0,54,2,178.83,11,92,89.415,1,1,1
16692.0,44,2,638.6999999999999,1,726,319.34999999999997,1,0,1
16693.0,47,3,717.45,98,484,239.15,0,0,0
16694.0,359,1,98.30000000000001,3,26,98.30000000000001,1,1,1
16695.0,197,2,193.15,30,185,96.575,1,1,1
16699.0,16,7,994.6,51,640,142.0857142857143,0,0,0
16700.0,2,13,4091.16,144,2858,314.70461538461535,0,0,0
16701.0,59,13,4518.43,99,4653,347.57153846153847,0,0,0
16702.0,51,4,1110.83,84,692,277.7075,0,0,0
16704.0,254,2,695.66,50,455,347.83,1,0,1
16705.0,36,22,29480.061,323,16826,1340.0027727272727,0,0,0
16707.0,36,4,551.11,64,402,137.7775,1,0,0
16709.0,15,9,6057.59,185,2425,673.0655555555555,0,0,0
16710.0,4,13,3866.05,397,2563,297.38846153846157,0,0,0
16711.0,15,4,1217.45,10,379,304.3625,0,0,0
16712.0,37,2,621.5600000000001,69,344,310.78000000000003,1,0,1
16713.0,2,18,7637.56,392,4407,424.30888888888893,0,0,0
16714.0,306,1,368.27,23,239,368.27,1,1,1
16715.0,198,1,323.8,9,532,323.8,1,1,1
16716.0,266,1,1248.48,6,792,1248.48,1,0,1
16717.0,2,9,3127.85,143,1360,347.5388888888889,0,0,0
16718.0,5,5,3023.78,126,1930,604.7560000000001,0,0,0
16719.0,4,8,2182.88,172,1332,272.86,0,0,0
16720.0,12,2,640.24,108,297,320.12,0,0,1
16722.0,2,11,4258.2699999999995,119,3579,387.1154545454545,0,0,0
16723.0,79,2,712.48,72,603,356.24,0,0,1
16724.0,40,1,147.35,17,69,147.35,1,1,1
16725.0,7,8,1101.09,177,490,137.63625,0,0,0
16726.0,19,2,706.39,68,379,353.195,0,0,1
16727.0,28,3,1164.6,134,932,388.2,0,0,0
16731.0,284,1,174.05,40,127,174.05,1,1,1
16732.0,39,3,3783.89,179,2097,1261.2966666666666,0,0,0
16733.0,165,1,259.68,12,112,259.68,1,1,1
16735.0,29,9,3970.0,126,2708,441.1111111111111,0,0,0
16736.0,141,5,2956.56,117,1050,591.312,0,0,0
16737.0,213,1,417.59999999999997,1,288,417.59999999999997,1,1,1
16739.0,172,1,463.43,25,219,463.43,1,1,1
16740.0,31,1,236.81,30,116,236.81,1,1,1
16741.0,261,1,173.06,11,81,173.06,1,1,1
16742.0,128,13,2387.71,50,2599,183.67000000000002,0,0,0
16743.0,92,7,2015.17,71,1691,287.88142857142856,0,0,0
16746.0,19,24,11368.74,267,7241,473.6975,0,0,0
16748.0,24,9,2121.43,46,1247,235.71444444444444,0,0,0
16749.0,227,2,4387.08,54,2078,2193.54,0,0,1
16752.0,8,1,207.5,9,54,207.5,1,1,1
16754.0,8,29,65500.07,38,63551,2258.6231034482757,0,0,0
16755.0,103,4,1403.75,124,935,350.9375,0,0,0
16756.0,40,6,1072.97,53,601,178.82833333333335,0,0,0
16757.0,45,1,163.65,8,99,163.65,1,1,1
16760.0,66,1,228.0,17,168,228.0,1,1,1
16763.0,374,1,352.85,21,173,352.85,1,1,1
16765.0,18,1,420.75,51,307,420.75,1,0,1
16767.0,54,4,2493.2,75,2686,623.3,0,0,0
16768.0,19,6,1230.03,72,581,205.005,0,0,0
16769.0,114,3,761.36,54,218,253.78666666666666,1,0,0
16770.0,8,5,1162.03,134,656,232.406,0,0,0
16771.0,93,5,1720.79,139,825,344.158,0,0,0
16772.0,59,3,3723.5499999999997,57,689,1241.1833333333332,0,0,0
16773.0,72,2,249.65,35,81,124.825,1,1,1
16774.0,59,4,932.93,62,463,233.2325,0,0,0
16775.0,3,6,1361.23,79,580,226.87166666666667,0,0,0
16776.0,51,1,231.57,48,188,231.57,1,1,1
16777.0,49,3,1081.41,86,411,360.47,0,0,0
16779.0,2,32,22638.52,265,14301,707.45375,0,0,0
16780.0,43,1,180.36,37,84,180.36,1,1,1
16781.0,8,2,623.0,38,192,311.5,1,0,1
16782.0,1,26,8158.51,591,3573,313.7888461538462,0,0,0
16783.0,72,1,391.95,25,163,391.95,1,1,1
16784.0,12,4,788.93,138,472,197.2325,0,0,0
16785.0,45,1,533.78,35,313,533.78,1,1,1
16786.0,29,1,51.839999999999996,1,72,51.839999999999996,1,1,1
16787.0,33,4,1035.43,102,474,258.8575,0,0,0
16788.0,40,3,1352.82,266,674,450.94,0,0,0
16791.0,19,8,2316.91,248,1111,289.61375,0,0,0
16792.0,19,3,513.08,84,280,171.02666666666667,1,0,0
16794.0,16,5,868.1999999999999,158,665,173.64,0,0,0
16795.0,1,3,2077.51,308,1220,692.5033333333334,0,0,0
16797.0,29,5,1827.77,304,909,365.554,0,0,0
16798.0,190,3,848.71,141,209,282.90333333333336,1,0,0
16799.0,68,2,495.98,80,176,247.99,1,1,1
16802.0,315,2,582.61,48,369,291.305,1,0,1
16805.0,213,3,636.65,139,583,212.21666666666667,0,0,0
16807.0,106,3,1002.29,64,655,334.09666666666664,0,0,0
16809.0,68,4,812.74,72,441,203.185,0,0,0
16810.0,56,1,532.5,19,258,532.5,1,1,1
16812.0,14,3,1912.65,91,1035,637.5500000000001,0,0,0
16814.0,5,16,5990.61,180,2297,374.413125,0,0,0
16815.0,89,2,410.97,66,238,205.485,1,1,1
16817.0,4,5,1200.15,50,743,240.03000000000003,0,0,0
16819.0,101,2,182.59,17,253,91.295,1,1,1
16821.0,17,1,113.35,7,13,113.35,1,1,1
16822.0,322,1,181.39,11,171,181.39,1,1,1
16823.0,23,6,1901.71,119,1032,316.95166666666665,0,0,0
16824.0,29,1,225.6,13,154,225.6,1,1,1
16825.0,14,3,1051.71,34,731,350.57,0,0,0
16827.0,29,5,392.13,10,125,78.426,1,1,0
16829.0,24,1,316.1,16,116,316.1,1,1,1
16830.0,78,3,881.59,47,435,293.86333333333334,0,0,0
16831.0,200,1,91.8,6,48,91.8,1,1,1
16832.0,64,2,218.45999999999998,8,146,109.22999999999999,1,1,1
16833.0,75,2,1302.51,44,438,651.255,0,0,1
16834.0,310,1,485.5,23,402,485.5,1,1,1
16835.0,9,5,1357.56,55,454,271.512,0,0,0
16836.0,42,2,530.5,31,374,265.25,1,0,1
16838.0,166,2,570.76,31,324,285.38,1,0,1
16839.0,5,11,5716.14,51,2552,519.6490909090909,0,0,0
16840.0,239,2,139.85,9,117,69.925,1,1,1
16841.0,64,6,2136.2400000000002,91,1228,356.04,0,0,0
16843.0,58,19,9374.86,144,8343,493.41368421052636,0,0,0
16844.0,198,2,614.34,26,281,307.17,1,0,1
16845.0,254,1,253.88,20,167,253.88,1,1,1
16846.0,213,2,628.09,36,382,314.045,1,0,1
16847.0,254,1,421.45000000000005,25,177,421.45000000000005,1,1,1
16848.0,12,3,1130.2,65,598,376.73333333333335,0,0,0
16854.0,53,2,1408.96,72,997,704.48,0,0,1
16856.0,53,2,323.09000000000003,16,159,161.54500000000002,1,1,1
16857.0,78,1,352.8,11,168,352.8,1,1,1
16858.0,4,10,4292.59,88,1423,429.259,0,0,0
16859.0,52,5,1184.6,48,1072,236.92,0,0,0
16860.0,88,3,1610.62,35,625,536.8733333333333,0,0,0
16861.0,26,3,772.83,38,476,257.61,0,0,0
16862.0,183,4,662.33,34,513,165.5825,1,0,0
16863.0,2,2,495.72,27,336,247.86,0,0,1
16864.0,70,2,409.25,17,283,204.625,1,1,1
16865.0,37,1,130.95,15,157,130.95,1,1,1
16867.0,325,1,76.74000000000001,6,58,76.74000000000001,1,1,1
16868.0,30,3,393.39,47,116,131.13,1,1,0
16870.0,105,1,450.15999999999997,28,278,450.15999999999997,1,1,1
16872.0,63,3,533.11,9,479,177.70333333333335,1,0,0
16873.0,65,6,7493.77,125,4761,1248.9616666666668,0,0,0
16874.0,15,1,217.74,31,81,217.74,1,1,1
16875.0,73,6,2139.0,90,1030,356.5,0,0,0
16876.0,39,1,136.01,32,181,136.01,1,1,1
16880.0,129,1,321.78,9,158,321.78,1,1,1
16883.0,7,18,2119.86,144,976,117.77000000000001,0,0,0
16884.0,192,2,644.08,38,201,322.04,1,0,1
16885.0,21,1,239.23000000000002,40,192,239.23000000000002,1,1,1
16886.0,92,1,134.0,8,48,134.0,1,1,1
16887.0,36,2,465.84000000000003,65,267,232.92000000000002,1,1,1
16888.0,36,3,437.15,43,147,145.71666666666667,1,1,0
16889.0,33,3,952.23,72,691,317.41,0,0,0
16890.0,112,3,285.41,17,243,95.13666666666667,1,1,0
16891.0,7,7,1247.1200000000001,250,491,178.16000000000003,0,0,0
16892.0,190,2,236.56,38,131,118.28,1,1,1
16893.0,2,2,255.84,80,120,127.92,1,0,1
16894.0,138,3,1324.06,186,507,441.3533333333333,0,0,0
16895.0,74,4,902.28,84,331,225.57,0,0,0
16896.0,191,1,103.95,18,18,103.95,1,1,1
16898.0,4,3,507.56,110,386,169.18666666666667,0,0,0
16899.0,14,2,439.46000000000004,42,296,219.73000000000002,1,1,1
16901.0,365,1,204.26,23,42,204.26,1,1,1
16903.0,16,2,689.04,107,485,344.52,0,0,1
16904.0,3,7,1378.1,185,775,196.87142857142857,0,0,0
16905.0,7,11,1931.72,82,651,175.6109090909091,0,0,0
16906.0,64,3,869.03,116,332,289.6766666666667,0,0,0
16907.0,1,5,726.25,62,234,145.25,0,0,0
16908.0,358,1,252.59,20,61,252.59,1,1,1
16911.0,271,2,255.25,30,161,127.625,1,1,1
16912.0,57,4,1904.93,66,664,476.2325,0,0,0
16913.0,287,2,310.46999999999997,10,147,155.23499999999999,1,1,1
16915.0,22,5,921.5,11,58,184.3,1,1,0
16916.0,8,3,547.14,100,324,182.38,0,0,0
16917.0,268,1,1466.31,37,561,1466.31,0,0,1
16918.0,58,10,2144.47,222,1348,214.44699999999997,0,0,0
16919.0,4,14,2529.46,148,1012,180.6757142857143,0,0,0
16920.0,47,1,355.45,23,81,355.45,1,1,1
16921.0,78,2,276.88,28,128,138.44,1,1,1
16922.0,208,1,611.08,122,281,611.08,1,1,1
16923.0,11,13,6130.75,239,2852,471.59615384615387,0,0,0
16925.0,176,1,125.65,18,123,125.65,1,1,1
16926.0,7,5,1191.1,63,202,238.21999999999997,0,0,0
16928.0,9,13,1265.63,86,641,97.35615384615386,0,0,0
16931.0,5,3,629.4,84,305,209.79999999999998,0,0,0
16932.0,59,2,278.77,77,142,139.385,1,1,1
16933.0,25,7,2618.02,185,1259,374.0028571428571,0,0,0
16934.0,19,4,1160.06,78,540,290.015,0,0,0
16935.0,17,3,535.1,55,278,178.36666666666667,1,0,0
16936.0,21,1,288.49,81,169,288.49,1,1,1
16937.0,135,1,202.1,49,126,202.1,1,1,1
16938.0,17,5,4306.8,445,2544,861.36,0,0,0
16939.0,124,3,449.0,38,232,149.66666666666666,1,1,0
16940.0,86,5,3377.78,227,2334,675.556,0,0,0
16941.0,247,1,33.0,2,12,33.0,1,1,1
16943.0,175,2,482.76,1,2,241.38,1,1,1
16944.0,245,1,101.36,7,27,101.36,1,1,1
16945.0,29,14,4202.66,164,3164,300.19,0,0,0
16946.0,19,5,1222.04,69,509,244.408,0,0,0
16947.0,98,4,548.73,31,343,137.1825,1,0,0
16948.0,65,4,433.75,16,477,108.4375,1,0,0
16950.0,3,8,2605.81,84,1848,325.72625,0,0,0
16952.0,77,3,631.17,62,252,210.39,1,0,0
16954.0,15,11,3996.7999999999997,75,3032,363.3454545454545,0,0,0
16955.0,4,4,790.74,28,557,197.685,0,0,0
16958.0,71,1,809.44,69,561,809.44,0,0,1
16960.0,26,5,1536.38,271,1211,307.276,0,0,0
16961.0,24,2,560.39,38,357,280.195,1,0,1
16962.0,45,1,251.04,15,158,251.04,1,1,1
16964.0,369,2,207.85,6,49,103.925,1,1,1
16970.0,262,1,71.4,2,12,71.4,1,1,1
16972.0,18,2,786.25,57,190,393.125,0,0,1
16973.0,22,1,127.0,6,60,127.0,1,1,1
16974.0,158,2,365.5,5,70,182.75,1,1,1
16975.0,59,3,926.12,44,586,308.70666666666665,0,0,0
16977.0,31,4,496.0,25,142,124.0,1,1,0
16978.0,302,2,424.55,28,119,212.275,1,1,1
16979.0,19,3,1007.74,32,586,335.91333333333336,0,0,0
16980.0,64,1,394.37,25,251,394.37,1,1,1
16983.0,5,5,1778.97,67,1129,355.794,0,0,0
16984.0,40,7,6273.45,482,2907,896.2071428571428,0,0,0
16985.0,12,13,5459.04,96,1271,419.92615384615385,0,0,0
16986.0,81,9,3015.55,64,1499,335.06111111111113,0,0,0
16987.0,12,4,910.85,109,277,227.7125,0,0,0
16988.0,15,1,256.55,13,115,256.55,1,1,1
16990.0,58,1,165.0,1,100,165.0,1,1,1
16991.0,57,1,1041.21,74,793,1041.21,0,0,1
16992.0,23,8,3862.19,156,1201,482.77375,0,0,0
16993.0,99,2,1950.9499999999998,20,285,975.4749999999999,0,0,1
16996.0,18,3,666.6500000000001,28,375,222.2166666666667,1,1,0
16998.0,80,1,107.0,2,28,107.0,1,1,1
17000.0,32,2,406.3,26,305,203.15,1,1,1
17001.0,12,8,2651.23,62,1618,331.40375,0,0,0
17002.0,79,4,1077.82,32,586,269.455,0,0,0
17003.0,38,4,830.16,91,495,207.54,0,0,0
17004.0,28,2,1012.22,21,462,506.11,0,0,1
17005.0,106,2,742.36,14,787,371.18,1,0,1
17006.0,28,4,854.54,78,301,213.635,0,0,0
17007.0,73,1,230.17000000000002,15,120,230.17000000000002,1,1,1
17008.0,65,1,81.36,1,24,81.36,1,1,1
17009.0,187,1,242.06,10,336,242.06,1,1,1
17011.0,283,2,400.8,12,606,200.4,1,1,1
17012.0,361,1,384.16,34,268,384.16,1,1,1
17016.0,212,1,552.4,41,309,552.4,1,1,1
17017.0,1,13,5416.349999999999,81,3918,416.64230769230767,0,0,0
17018.0,23,4,1367.6,19,280,341.9,0,0,0
17019.0,4,8,2739.59,284,1816,342.44875,0,0,0
17020.0,178,2,935.62,67,860,467.81,0,0,1
17021.0,78,6,1182.22,35,992,197.03666666666666,0,0,0
17022.0,68,1,189.0,9,72,189.0,1,1,1
17023.0,53,3,800.18,48,530,266.72666666666663,0,0,0
17025.0,9,4,1152.87,28,789,288.2175,0,0,0
17026.0,5,2,54.15,4,35,27.075,1,1,0
17027.0,82,3,436.82,29,232,145.60666666666665,1,1,0
17028.0,217,3,1593.83,85,856,531.2766666666666,0,0,0
17029.0,18,5,1421.3,23,865,284.26,0,0,0
17031.0,14,4,2393.5,23,1360,598.375,0,0,0
17032.0,183,8,3004.6,186,1695,375.575,0,0,0
17033.0,33,1,302.65000000000003,12,121,302.65000000000003,1,1,1
17034.0,45,2,538.4,26,290,269.2,1,0,1
17035.0,227,2,180.06,4,98,90.03,1,1,1
17036.0,19,1,176.9,12,76,176.9,1,1,1
17038.0,51,1,630.77,41,507,630.77,1,0,1
17039.0,240,1,1954.99,44,689,1954.99,0,0,1
17040.0,186,1,13.52,1,8,13.52,1,1,1
17041.0,33,3,604.71,52,386,201.57000000000002,1,0,0
17043.0,11,4,881.37,87,626,220.3425,0,0,0
17044.0,10,11,11013.82,94,5218,1001.2563636363636,0,0,0
17045.0,12,2,488.24,28,188,244.12,1,1,1
17046.0,80,4,1264.05,58,1126,316.0125,0,0,0
17047.0,67,3,1188.33,73,651,396.10999999999996,0,0,0
17048.0,73,4,1146.33,52,583,286.5825,0,0,0
17049.0,11,10,4287.5,161,1600,428.75,0,0,0
17050.0,11,5,1462.95,27,837,292.59000000000003,0,0,0
17051.0,82,3,467.25,95,329,155.75,1,1,0
17055.0,81,1,239.55,24,87,239.55,1,1,1
17056.0,374,1,128.60000000000002,8,26,128.60000000000002,1,1,1
17057.0,232,1,294.74,48,129,294.74,1,1,1
17059.0,5,5,2507.4900000000002,221,1729,501.49800000000005,0,0,0
17062.0,1,4,669.85,67,492,167.4625,0,0,0
17063.0,43,6,2177.39,108,1129,362.8983333333333,0,0,0
17065.0,273,2,194.7,6,82,97.35,1,1,1
17066.0,362,1,228.34,17,93,228.34,1,1,1
17067.0,360,3,454.54,8,322,151.51333333333335,1,1,0
17068.0,4,27,4608.94,226,2271,170.70148148148147,0,0,0
17069.0,9,6,3084.58,135,1827,514.0966666666667,0,0,0
17070.0,46,1,133.18,41,101,133.18,1,1,1
17071.0,17,4,1372.17,58,738,343.0425,0,0,0
17072.0,261,1,282.05,20,218,282.05,1,1,1
17074.0,198,1,203.05,4,19,203.05,1,1,1
17075.0,65,6,1407.61,105,495,234.60166666666666,0,0,0
17076.0,28,3,401.66999999999996,22,219,133.89,1,1,0
17077.0,214,1,306.0,1,36,306.0,1,1,1
17080.0,15,5,669.91,19,403,133.982,1,1,0
17081.0,31,4,674.23,121,311,168.5575,0,0,0
17082.0,30,4,2728.18,68,1477,682.045,0,0,0
17083.0,45,6,2644.01,41,1183,440.66833333333335,0,0,0
17084.0,32,1,2253.22,132,1476,2253.22,0,0,1
17085.0,12,23,6324.76,377,2817,274.9895652173913,0,0,0
17087.0,373,1,221.53,12,113,221.53,1,1,1
17089.0,22,1,128.45,4,35,128.45,1,1,1
17090.0,10,6,1105.53,18,441,184.255,0,0,0
17091.0,3,11,3983.34,168,2099,362.1218181818182,0,0,0
17092.0,73,7,3817.18,197,2670,545.3114285714286,0,0,0
17093.0,228,1,235.88,13,114,235.88,1,1,1
17094.0,59,1,100.2,4,60,100.2,1,1,1
17095.0,66,4,1248.09,57,1077,312.0225,0,0,0
17096.0,19,7,2737.05,128,1232,391.00714285714287,0,0,0
17097.0,1,2,386.03,84,201,193.015,0,0,1
17098.0,17,3,591.0699999999999,12,125,197.0233333333333,1,1,0
17099.0,169,1,582.17,40,317,582.17,1,1,1
17101.0,30,3,885.3199999999999,28,360,295.1066666666666,1,0,0
17103.0,358,1,424.3,32,471,424.3,1,1,1
17104.0,59,1,474.03,19,149,474.03,1,1,1
17106.0,25,1,491.23,51,156,491.23,1,0,1
17107.0,33,4,5259.99,211,2707,1314.9975,0,0,0
17108.0,299,1,174.95,9,31,174.95,1,1,1
17109.0,42,2,410.42,22,200,205.21,1,1,1
17110.0,156,2,347.4,32,92,173.7,1,1,1
17111.0,61,1,227.97,19,299,227.97,1,1,1
17112.0,138,1,205.17,44,134,205.17,1,1,1
17113.0,210,6,2322.59,124,915,387.09833333333336,0,0,0
17115.0,184,4,1923.99,75,513,480.9975,0,0,0
17116.0,284,1,389.78,47,392,389.78,1,1,1
17121.0,38,1,314.74,12,106,314.74,1,1,1
17122.0,24,3,432.18,19,288,144.06,1,1,0
17123.0,75,2,631.87,31,430,315.935,1,0,1
17126.0,17,4,1065.69,149,676,266.4225,0,0,0
17127.0,64,5,1155.0300000000002,29,340,231.00600000000003,0,0,0
17129.0,156,1,31.85,2,5,31.85,1,1,1
17132.0,88,2,1272.8,62,980,636.4,0,0,1
17133.0,110,5,9730.09,16,7377,1946.018,0,0,0
17134.0,78,1,212.1,13,46,212.1,1,1,1
17135.0,7,4,814.43,81,698,203.6075,0,0,0
17136.0,298,1,231.68,14,256,231.68,1,1,1
17137.0,52,6,1133.63,126,697,188.93833333333336,0,0,0
17138.0,25,6,4036.77,217,1898,672.795,0,0,0
17139.0,25,13,8915.99,251,4677,685.8453846153845,0,0,0
17141.0,54,4,754.33,138,436,188.5825,0,0,0
17142.0,40,3,704.75,67,242,234.91666666666666,1,0,0
17143.0,53,2,924.11,82,330,462.055,0,0,1
17145.0,148,4,3120.91,168,2591,780.2275,0,0,0
17146.0,71,10,5110.46,157,1980,511.046,0,0,0
17147.0,88,5,1485.36,41,426,297.072,0,0,0
17149.0,87,1,143.10000000000002,6,18,143.10000000000002,1,1,1
17150.0,12,6,1375.65,66,403,229.275,0,0,0
17151.0,371,1,231.90000000000003,4,42,231.90000000000003,1,1,1
17152.0,61,1,327.0,2,60,327.0,1,1,1
17155.0,163,5,640.76,31,745,128.152,1,0,0
17156.0,127,1,591.87,39,391,591.87,1,0,1
17157.0,116,17,4832.9,70,1920,284.2882352941176,0,0,0
17158.0,183,2,713.03,37,369,356.515,1,0,1
17159.0,113,2,560.71,27,237,280.355,1,0,1
17160.0,10,11,6691.13,175,5534,608.2845454545454,0,0,0
17161.0,80,1,856.01,52,537,856.01,0,0,1
17163.0,81,2,406.68,24,465,203.34,1,1,1
17165.0,17,5,1635.64,76,688,327.12800000000004,0,0,0
17167.0,15,3,867.11,64,429,289.0366666666667,0,0,0
17168.0,134,1,400.2,21,220,400.2,1,1,1
17169.0,214,1,320.95,21,145,320.95,1,1,1
17170.0,10,2,178.68,8,152,89.34,1,1,1
17171.0,297,1,159.68,9,40,159.68,1,1,1
17172.0,66,2,638.81,24,735,319.405,1,0,1
17176.0,162,2,596.1899999999999,25,406,298.09499999999997,1,0,1
17177.0,141,1,119.5,29,40,119.5,1,1,1
17178.0,367,1,436.71,31,101,436.71,1,1,1
17179.0,18,3,795.47,58,335,265.1566666666667,0,0,0
17180.0,58,7,1460.95,152,1145,208.70714285714286,0,0,0
17181.0,9,2,225.45000000000002,7,243,112.72500000000001,1,1,1
17182.0,58,2,321.3,4,54,160.65,1,1,1
17184.0,205,2,198.41000000000003,14,73,99.20500000000001,1,1,1
17185.0,227,3,229.46,38,119,76.48666666666666,1,1,0
17187.0,162,1,263.76,13,282,263.76,1,1,1
17188.0,82,6,2118.7000000000003,79,1241,353.11666666666673,0,0,0
17189.0,196,3,573.23,59,377,191.07666666666668,1,0,0
17190.0,39,5,1298.3,143,2064,259.65999999999997,0,0,0
17191.0,4,11,2740.92,203,1369,249.17454545454547,0,0,0
17192.0,172,1,77.83,20,46,77.83,1,1,1
17193.0,22,2,610.74,12,414,305.37,1,0,1
17194.0,166,1,549.88,31,301,549.88,1,1,1
17195.0,291,1,562.98,31,486,562.98,1,1,1
17196.0,63,1,352.9,84,168,352.9,1,1,1
17198.0,1,2,521.66,72,242,260.83,0,0,1
17199.0,218,1,145.12,8,304,145.12,1,1,1
17200.0,23,4,356.71,25,367,89.1775,1,1,0
17201.0,159,3,899.41,119,807,299.80333333333334,0,0,0
17202.0,56,1,160.65,8,55,160.65,1,1,1
17203.0,24,4,2012.03,84,1756,503.0075,0,0,0
17204.0,10,5,3940.13,91,2005,788.0260000000001,0,0,0
17205.0,52,2,615.27,19,1330,307.635,1,0,1
17207.0,288,1,303.21999999999997,55,241,303.21999999999997,1,1,1
17208.0,31,1,115.35,21,103,115.35,1,1,1
17209.0,285,3,611.6,36,731,203.86666666666667,1,0,0
17210.0,28,1,253.37,47,243,253.37,1,1,1
17211.0,5,6,1729.43,127,1022,288.23833333333334,0,0,0
17212.0,94,2,567.5600000000001,25,580,283.78000000000003,1,0,1
17213.0,2,7,2401.07,81,1003,343.01000000000005,0,0,0
17215.0,100,1,186.15,11,104,186.15,1,1,1
17216.0,190,1,65.05,13,22,65.05,1,1,1
17217.0,255,1,104.5,18,71,104.5,1,1,1
17218.0,4,9,2231.96,167,1242,247.99555555555557,0,0,0
17219.0,52,1,144.9,24,99,144.9,1,1,1
17220.0,53,7,1283.5,170,794,183.35714285714286,0,0,0
17221.0,227,3,643.39,58,427,214.46333333333334,1,0,0
17222.0,113,5,1250.86,71,735,250.17199999999997,0,0,0
17223.0,4,2,446.74,49,110,223.37,1,0,1
17224.0,137,1,100.86,8,65,100.86,1,1,1
17225.0,217,1,131.15,5,36,131.15,1,1,1
17226.0,80,2,506.63,35,449,253.315,1,0,1
17227.0,4,7,1082.71,45,1033,154.67285714285714,0,0,0
17228.0,3,7,1271.1499999999999,113,1036,181.59285714285713,0,0,0
17230.0,199,10,6286.54,107,2252,628.654,0,0,0
17231.0,25,15,4022.72,351,1996,268.1813333333333,0,0,0
17233.0,84,2,369.98,33,167,184.99,1,1,1
17235.0,8,7,1354.82,40,747,193.54571428571427,0,0,0
17236.0,46,6,1013.13,44,330,168.855,0,0,0
17237.0,11,2,687.39,58,310,343.695,0,0,1
17238.0,7,17,4038.45,368,1898,237.55588235294115,0,0,0
17239.0,23,3,806.95,8,365,268.98333333333335,1,0,0
17240.0,232,1,130.6,7,108,130.6,1,1,1
17241.0,21,12,2744.14,120,865,228.6783333333333,0,0,0
17242.0,92,3,1754.24,27,848,584.7466666666667,0,0,0
17243.0,5,44,12213.01,274,4828,277.5684090909091,0,0,0
17244.0,19,4,871.14,85,803,217.785,0,0,0
17245.0,325,1,200.18,15,232,200.18,1,1,1
17246.0,182,2,38.92,6,36,19.46,1,1,0
17248.0,117,1,227.51,34,79,227.51,1,1,1
17249.0,64,1,68.03,27,79,68.03,1,1,1
17251.0,18,2,529.15,35,269,264.575,1,1,1
17254.0,37,1,198.29,36,146,198.29,1,1,1
17255.0,26,2,500.72,99,362,250.36,0,1,1
17256.0,117,3,258.93,14,158,86.31,1,1,0
17257.0,72,2,192.73,14,188,96.365,1,1,1
17258.0,32,2,417.3,47,188,208.65,1,1,1
17259.0,4,5,1285.97,159,748,257.194,0,0,0
17260.0,47,1,120.95,6,23,120.95,1,1,1
17261.0,145,1,230.44,43,98,230.44,1,1,1
17262.0,2,7,1504.26,5,342,214.8942857142857,0,0,0
17264.0,60,1,279.59,70,227,279.59,1,1,1
17266.0,135,2,207.09,44,91,103.545,1,1,1
17268.0,81,7,970.25,23,551,138.60714285714286,0,0,0
17269.0,21,1,537.46,110,336,537.46,0,0,1
17270.0,105,2,604.4,45,421,302.2,1,0,1
17271.0,372,1,210.39,46,117,210.39,1,1,1
17273.0,60,1,141.12,12,133,141.12,1,1,1
17274.0,31,1,465.4,52,194,465.4,1,0,1
17275.0,19,1,114.52,23,72,114.52,1,1,1
17276.0,38,1,508.39,50,189,508.39,1,0,1
17278.0,201,1,25.2,2,16,25.2,1,1,1
17280.0,74,1,118.85999999999999,6,74,118.85999999999999,1,1,1
17281.0,10,6,797.8499999999999,3,295,132.975,1,0,0
17282.0,92,2,636.25,107,474,318.125,0,0,1
17283.0,14,1,188.46,15,179,188.46,1,1,1
17284.0,25,2,1140.58,80,707,570.29,0,0,1
17285.0,264,2,428.34,41,140,214.17,1,1,1
17286.0,36,2,241.56,46,253,120.78,1,1,1
17287.0,3,16,3047.85,239,1542,190.490625,0,0,0
17288.0,26,4,1080.25,129,503,270.0625,0,0,0
17289.0,12,6,1134.98,130,740,189.16333333333333,0,0,0
17290.0,17,6,976.2,96,743,162.70000000000002,0,0,0
17292.0,108,2,271.75,14,131,135.875,1,1,1
17293.0,30,8,1899.1200000000001,85,1094,237.39000000000001,0,0,0
17294.0,305,2,467.78999999999996,17,297,233.89499999999998,1,1,1
17296.0,366,1,338.13,32,216,338.13,1,1,1
17298.0,10,3,459.14,38,467,153.04666666666665,1,0,0
17299.0,75,2,346.97,52,256,173.485,1,1,1
17300.0,26,2,393.64,37,467,196.82,1,1,1
17301.0,260,1,132.8,52,80,132.8,1,1,1
17304.0,170,1,111.5,5,73,111.5,1,1,1
17305.0,284,1,2135.46,9,1006,2135.46,0,0,1
17306.0,29,2,1151.04,5,2256,575.52,0,0,1
17307.0,31,11,3999.8900000000003,22,3667,363.6263636363637,0,0,0
17308.0,29,2,4511.76,5,5148,2255.88,0,0,1
17309.0,17,2,247.84,22,152,123.92,1,1,1
17310.0,23,2,1025.1,1,402,512.55,1,0,1
17311.0,28,4,2181.71,71,1750,545.4275,0,0,0
17314.0,29,9,2376.51,92,1767,264.0566666666667,0,0,0
17315.0,11,5,3358.34,196,1236,671.668,0,0,0
17316.0,56,1,124.45,35,44,124.45,1,1,1
17318.0,361,1,164.28,17,60,164.28,1,1,1
17319.0,305,1,29.1,3,14,29.1,1,1,1
17320.0,4,4,1695.15,65,758,423.7875,0,0,0
17321.0,30,4,1040.32,159,444,260.08,0,0,0
17322.0,12,5,922.59,115,631,184.518,0,0,0
17323.0,43,5,644.52,98,666,128.904,0,0,0
17324.0,2,9,1311.64,85,693,145.73777777777778,0,0,0
17325.0,46,2,512.77,33,405,256.385,1,0,1
17326.0,44,2,321.95,82,140,160.975,1,1,1
17327.0,45,2,152.35,3,59,76.175,1,1,1
17328.0,309,1,104.7,6,86,104.7,1,1,1
17329.0,367,3,481.32,63,290,160.44,1,0,0
17330.0,180,2,59.900000000000006,2,2,29.950000000000003,1,1,1
17332.0,164,5,838.27,82,794,167.654,0,0,0
17334.0,42,1,328.13,20,251,328.13,1,1,1
17335.0,19,2,508.0,34,216,254.0,1,1,1
17336.0,108,1,81.12,1,48,81.12,1,1,1
17338.0,11,9,5498.64,359,2751,610.96,0,0,0
17339.0,1,2,119.0,5,36,59.5,1,1,1
17340.0,2,8,10051.53,214,5243,1256.44125,0,0,0
17341.0,2,3,1108.47,180,680,369.49,0,0,0
17342.0,15,4,1227.54,31,521,306.885,0,0,0
17343.0,12,5,1066.3,49,398,213.26,0,0,0
17344.0,364,1,307.54,36,147,307.54,1,1,1
17345.0,11,6,1066.94,110,1667,177.82333333333335,0,0,0
17346.0,9,12,2646.44,302,1996,220.53666666666666,0,0,0
17348.0,73,4,1316.8899999999999,185,1392,329.22249999999997,0,0,0
17349.0,16,4,741.5,66,728,185.375,0,0,0
17350.0,30,3,619.971,65,421,206.657,0,0,0
17351.0,63,9,1401.08,33,270,155.67555555555555,0,0,0
17352.0,332,1,36.25,5,15,36.25,1,1,1
17353.0,127,2,1502.0,6,968,751.0,1,0,1
17354.0,64,3,1750.3999999999999,73,1529,583.4666666666666,0,0,0
17355.0,22,1,285.11,28,257,285.11,1,1,1
17356.0,190,4,768.25,62,759,192.0625,1,0,0
17358.0,12,3,500.2,84,240,166.73333333333332,0,0,0
17359.0,284,1,156.6,23,76,156.6,1,1,1
17360.0,21,3,645.59,90,301,215.1966666666667,0,0,0
17361.0,312,2,392.44,26,226,196.22,1,1,1
17362.0,36,5,711.8100000000001,85,358,142.36200000000002,0,0,0
17363.0,31,3,940.86,34,523,313.62,0,0,0
17364.0,12,17,7589.24,309,4812,446.4258823529412,0,0,0
17365.0,22,7,3423.42,241,3279,489.06,0,0,0
17366.0,68,2,1096.24,123,510,548.12,0,0,1
17368.0,11,6,913.47,111,952,152.245,0,0,0
17369.0,91,1,979.1999999999999,1,1152,979.1999999999999,1,0,1
17371.0,259,3,238.66,55,131,79.55333333333333,1,1,0
17372.0,17,20,3034.88,268,1127,151.744,0,0,0
17373.0,54,3,520.58,31,330,173.52666666666667,1,0,0
17374.0,31,1,231.34,14,70,231.34,1,1,1
17375.0,67,1,260.45,17,113,260.45,1,1,1
17376.0,40,2,250.44,27,158,125.22,1,1,1
17377.0,1,60,14218.49,429,5513,236.97483333333332,0,0,0
17378.0,10,1,10.95,1,1,10.95,1,1,1
17380.0,70,3,645.0,5,252,215.0,1,0,0
17381.0,4,12,19726.76,31,20118,1643.8966666666665,0,0,0
17382.0,71,7,836.88,14,432,119.55428571428571,1,0,0
17383.0,89,1,110.69999999999999,2,12,110.69999999999999,1,1,1
17384.0,103,1,171.15,5,33,171.15,1,1,1
17386.0,21,1,126.35000000000001,10,53,126.35000000000001,1,1,1
17388.0,56,7,1432.01,29,1499,204.57285714285715,0,0,0
17389.0,10,27,25391.0,45,10270,940.4074074074074,0,0,0
17390.0,56,1,149.3,12,49,149.3,1,1,1
17392.0,86,1,168.65,14,173,168.65,1,1,1
17393.0,46,2,381.15,45,238,190.575,1,1,1
17395.0,144,1,97.5,3,66,97.5,1,1,1
17396.0,7,7,1476.3,11,414,210.9,0,0,0
17397.0,52,1,536.77,44,443,536.77,1,0,1
17400.0,217,3,2547.09,212,1102,849.0300000000001,0,0,0
17401.0,177,1,114.85,11,34,114.85,1,1,1
17402.0,5,12,2462.33,100,870,205.19416666666666,0,0,0
17403.0,86,1,118.95,13,77,118.95,1,1,1
17404.0,45,8,15874.3,58,17931,1984.2875,0,0,0
17406.0,2,11,2704.63,89,1337,245.87545454545455,0,0,0
17407.0,47,1,552.9,23,426,552.9,1,1,1
17408.0,136,2,283.44000000000005,6,160,141.72000000000003,1,1,1
17409.0,57,8,7021.66,43,3984,877.7075,0,0,0
17411.0,22,2,646.44,32,302,323.22,1,0,1
17412.0,8,10,3159.46,135,1866,315.946,0,0,0
17413.0,40,2,560.14,10,302,280.07,1,0,1
17414.0,59,4,1471.52,6,4156,367.88,0,0,0
17416.0,29,15,10405.03,232,4467,693.6686666666667,0,0,0
17417.0,184,1,164.18,16,76,164.18,1,1,1
17418.0,23,1,206.60000000000002,12,232,206.60000000000002,1,1,1
17419.0,3,8,2273.95,82,1211,284.24375,0,0,0
17420.0,9,4,485.6,24,234,121.4,1,1,0
17421.0,22,3,1059.41,46,807,353.1366666666667,0,0,0
17422.0,17,5,1615.39,75,1285,323.07800000000003,0,0,0
17423.0,29,1,420.54,17,331,420.54,1,1,1
17426.0,88,7,3040.51,121,2093,434.35857142857145,0,0,0
17428.0,4,18,14562.91,282,8030,809.0505555555555,0,0,0
17429.0,32,2,832.54,53,662,416.27,0,0,1
17430.0,1,3,469.40999999999997,24,325,156.47,0,0,0
17432.0,21,7,1385.6299999999999,177,809,197.94714285714284,0,0,0
17433.0,21,1,266.8,39,120,266.8,1,1,1
17435.0,47,1,331.35,15,195,331.35,1,1,1
17436.0,44,3,317.76,4,88,105.92,1,1,0
17437.0,165,1,373.17,52,284,373.17,1,1,1
17438.0,80,4,1034.32,44,450,258.58,0,0,0
17439.0,291,1,325.74,8,370,325.74,1,1,1
17440.0,185,1,137.16,1,36,137.16,1,1,1
17441.0,368,1,293.35,21,245,293.35,1,1,1
17442.0,17,9,2371.74,113,1638,263.52666666666664,0,0,0
17448.0,133,46,14556.97,570,11548,316.45586956521737,0,0,0
17449.0,23,6,2430.29,183,1413,405.04833333333335,0,0,0
17450.0,3,7,52422.3,80,14727,7488.900000000001,0,0,0
17454.0,98,6,1030.41,52,484,171.735,0,0,0
17456.0,1,2,975.5600000000001,59,508,487.78000000000003,0,0,1
17457.0,15,9,4247.11,20,1869,471.90111111111105,0,0,0
17458.0,17,1,213.08,32,112,213.08,1,1,1
17460.0,8,12,1605.8400000000001,85,744,133.82000000000002,0,0,0
17463.0,196,2,661.5,98,395,330.75,1,0,1
17464.0,158,2,710.98,28,432,355.49,1,0,1
17465.0,61,7,2542.79,106,1477,363.2557142857143,0,0,0
17467.0,31,1,102.6,4,20,102.6,1,1,1
17468.0,11,1,57.8,3,68,57.8,1,1,1
17469.0,36,12,3180.28,136,1517,265.02333333333337,0,0,0
17470.0,3,7,1679.8,64,1168,239.97142857142856,0,0,0
17471.0,110,1,321.65000000000003,19,153,321.65000000000003,1,1,1
17472.0,264,1,224.81,48,96,224.81,1,1,1
17473.0,44,2,607.0,33,270,303.5,1,0,1
17474.0,235,1,1047.0,6,200,1047.0,1,0,1
17476.0,31,2,489.86,29,224,244.93,1,1,1
17477.0,248,2,1144.3,44,225,572.15,1,0,1
17478.0,44,2,1272.8,40,516,636.4,0,0,1
17479.0,268,1,389.26000000000005,18,266,389.26000000000005,1,1,1
17480.0,80,1,390.21,24,255,390.21,1,1,1
17482.0,123,2,778.19,50,241,389.095,1,0,1
17483.0,50,1,177.69,7,74,177.69,1,1,1
17484.0,212,2,209.57,14,339,104.785,1,1,1
17487.0,364,1,160.55,8,37,160.55,1,1,1
17488.0,277,1,336.5,18,136,336.5,1,1,1
17490.0,24,2,658.18,38,397,329.09,1,0,1
17491.0,3,8,2422.2000000000003,52,1617,302.77500000000003,0,0,0
17492.0,114,2,747.85,23,295,373.925,1,0,1
17493.0,21,1,100.91000000000001,8,62,100.91000000000001,1,1,1
17494.0,137,1,54.699999999999996,3,26,54.699999999999996,1,1,1
17495.0,26,1,309.16,21,138,309.16,1,1,1
17496.0,199,3,1141.84,49,596,380.6133333333333,0,0,0
17497.0,26,2,287.25,7,59,143.625,1,1,1
17499.0,197,1,718.51,31,375,718.51,1,1,1
17504.0,16,9,6568.09,160,3853,729.7877777777778,0,0,0
17505.0,186,3,1289.64,47,686,429.88000000000005,0,0,0
17508.0,17,7,4191.92,182,2602,598.8457142857143,0,0,0
17510.0,56,1,206.07999999999998,15,208,206.07999999999998,1,1,1
17511.0,3,31,84541.17,472,55107,2727.1345161290324,0,0,0
17512.0,88,8,2542.83,64,2681,317.85375,0,0,0
17513.0,44,2,645.6,12,186,322.8,1,0,1
17514.0,305,1,334.18,41,160,334.18,1,1,1
17515.0,30,5,978.4399999999999,81,285,195.688,0,0,0
17516.0,14,1,189.47,55,111,189.47,1,1,1
17518.0,61,2,329.42,72,267,164.71,1,1,1
17519.0,4,10,3265.45,114,2178,326.54499999999996,0,0,0
17521.0,30,2,554.85,29,287,277.425,1,0,1
17524.0,74,2,394.14,34,272,197.07,1,0,1
17525.0,33,2,739.2,13,256,369.6,1,0,1
17526.0,1,9,2970.14,60,1172,330.0155555555555,0,0,0
17529.0,246,2,1240.25,78,790,620.125,0,0,1
17530.0,1,3,756.51,131,439,252.17,0,0,0
17531.0,163,2,970.12,43,336,485.06,1,0,1
17532.0,21,1,65.34,4,30,65.34,1,1,1
17533.0,70,1,34.8,1,24,34.8,1,1,1
17534.0,87,4,1445.47,69,757,361.3675,0,0,0
17536.0,56,2,288.33,13,195,144.165,1,1,1
17539.0,253,4,1226.57,132,747,306.6425,0,0,0
17540.0,19,4,1011.7,28,394,252.925,0,0,0
17541.0,145,1,124.46,31,46,124.46,1,1,1
17542.0,277,2,170.95,34,190,85.475,1,1,1
17543.0,185,1,120.05,13,62,120.05,1,1,1
17544.0,26,3,960.69,80,439,320.23,0,0,0
17545.0,26,3,802.58,112,392,267.5266666666667,0,0,0
17547.0,11,2,727.85,24,223,363.925,1,0,1
17548.0,14,3,627.96,17,436,209.32000000000002,1,0,0
17550.0,33,6,2280.48,218,903,380.08,0,0,0
17552.0,8,10,2154.88,65,1376,215.488,0,0,0
17553.0,108,3,2270.0,2,1240,756.6666666666666,1,0,0
17555.0,61,3,574.48,138,398,191.49333333333334,0,0,0
17556.0,15,1,142.77,8,83,142.77,1,1,1
17557.0,368,1,34.0,1,4,34.0,1,1,1
17558.0,29,1,259.17,28,54,259.17,1,1,1
17559.0,148,1,167.62,12,270,167.62,1,1,1
17560.0,31,4,1040.85,21,953,260.2125,0,0,0
17561.0,26,3,554.72,132,250,184.90666666666667,0,0,0
17563.0,214,2,392.38,27,256,196.19,1,1,1
17565.0,222,1,131.83,30,67,131.83,1,1,1
17567.0,8,2,1024.55,57,520,512.275,0,0,1
17568.0,269,1,382.79,61,283,382.79,1,1,1
17570.0,17,1,100.0,1,1,100.0,1,1,1
17571.0,178,1,205.23999999999998,53,115,205.23999999999998,1,1,1
17572.0,9,7,496.26000000000005,13,256,70.89428571428572,1,1,0
17575.0,303,1,171.7,5,72,171.7,1,1,1
17576.0,1,23,5434.13,235,2746,236.26652173913044,0,0,0
17577.0,281,2,348.75,20,179,174.375,1,1,1
17578.0,110,6,903.87,52,391,150.645,0,0,0
17579.0,214,1,304.38,43,117,304.38,1,1,1
17580.0,12,2,329.55,39,136,164.775,1,1,1
17581.0,8,20,7712.71,275,4045,385.6355,0,0,0
17582.0,82,4,1275.43,78,483,318.8575,0,0,0
17583.0,196,1,135.95,7,55,135.95,1,1,1
17584.0,103,4,4067.12,73,2006,1016.78,0,0,0
17585.0,81,3,960.23,147,868,320.07666666666665,0,0,0
17586.0,255,1,167.4,8,68,167.4,1,1,1
17587.0,264,1,181.66,42,68,181.66,1,1,1
17588.0,32,4,1699.35,35,703,424.8375,0,0,0
17589.0,21,14,11645.7,542,7157,831.8357142857143,0,0,0
17591.0,3,2,550.7,80,164,275.35,0,0,1
17592.0,374,1,148.3,13,38,148.3,1,1,1
17593.0,45,6,4168.46,151,2506,694.7433333333333,0,0,0
17594.0,85,2,1504.7,46,818,752.35,0,0,1
17596.0,4,7,2092.74,187,3219,298.9628571428571,0,0,0
17597.0,54,4,1439.72,62,1039,359.93,0,0,0
17598.0,17,1,409.98,10,126,409.98,1,1,1
17599.0,113,1,52.05,3,11,52.05,1,1,1
17601.0,16,1,305.46999999999997,60,196,305.46999999999997,1,1,1
17602.0,108,8,2348.16,212,1785,293.52,0,0,0
17603.0,253,3,1398.76,92,566,466.25333333333333,0,0,0
17604.0,58,4,636.57,107,447,159.1425,0,0,0
17605.0,226,1,160.75,13,71,160.75,1,1,1
17606.0,373,1,87.30000000000001,6,42,87.30000000000001,1,1,1
17607.0,12,1,333.81,22,269,333.81,1,1,1
17608.0,85,2,305.11,90,307,152.555,1,1,1
17609.0,38,6,782.12,143,602,130.35333333333332,0,0,0
17610.0,176,5,1529.49,114,902,305.898,0,0,0
17611.0,57,13,4387.76,413,2796,337.52000000000004,0,0,0
17612.0,15,12,3346.41,141,1713,278.8675,0,0,0
17615.0,23,3,403.6,35,246,134.53333333333333,1,1,0
17616.0,3,2,489.59999999999997,1,192,244.79999999999998,1,0,1
17617.0,194,1,395.33,18,255,395.33,1,1,1
17618.0,19,8,3101.66,190,1489,387.7075,0,0,0
17621.0,40,3,1795.22,40,596,598.4066666666666,0,0,0
17622.0,233,2,1130.21,19,379,565.105,1,0,1
17623.0,45,6,1856.6200000000001,111,536,309.43666666666667,0,0,0
17624.0,73,2,725.15,47,404,362.575,1,0,1
17625.0,82,4,4020.8,306,2353,1005.2,0,0,0
17626.0,238,1,254.0,18,202,254.0,1,1,1
17627.0,114,1,296.36,9,676,296.36,1,1,1
17629.0,24,2,641.4,29,274,320.7,1,0,1
17631.0,10,4,470.16,29,257,117.54,1,1,0
17633.0,15,3,732.55,29,255,244.1833333333333,1,1,0
17635.0,60,3,1265.58,63,770,421.85999999999996,0,0,0
17638.0,283,2,842.4,2,432,421.2,1,1,1
17639.0,23,5,506.67,54,527,101.334,0,1,0
17640.0,15,5,2547.28,47,1442,509.456,0,0,0
17642.0,65,3,1112.2,59,1001,370.73333333333335,0,0,0
17643.0,9,2,439.7,30,226,219.85,1,0,1
17644.0,30,9,3132.96,96,1676,348.1066666666667,0,0,0
17646.0,1,10,3141.4,104,1095,314.14,0,0,0
17647.0,305,2,198.6,5,52,99.3,1,1,1
17648.0,21,1,418.87,34,467,418.87,1,0,1
17649.0,105,2,710.4,45,324,355.2,1,0,1
17651.0,134,6,1758.52,84,974,293.08666666666664,0,0,0
17655.0,2,3,1013.54,26,426,337.84666666666664,0,0,0
17657.0,66,1,126.0,7,60,126.0,1,1,1
17659.0,8,3,835.33,37,291,278.4433333333333,0,0,0
17660.0,373,1,163.47,42,138,163.47,1,1,1
17662.0,297,2,412.92,14,184,206.46,1,1,1
17663.0,53,10,3372.92,112,1500,337.29200000000003,0,0,0
17664.0,110,2,561.59,31,454,280.795,1,0,1
17665.0,129,1,563.1,19,690,563.1,1,1,1
17666.0,113,3,1319.6399999999999,17,956,439.87999999999994,0,0,0
17667.0,71,4,1895.19,87,1159,473.7975,0,0,0
17669.0,98,3,2735.63,59,1589,911.8766666666667,0,0,0
17671.0,1,2,830.63,33,405,415.315,0,0,1
17672.0,53,5,2600.46,93,1068,520.092,0,0,0
17673.0,11,7,2604.46,151,1851,372.0657142857143,0,0,0
17674.0,4,1,300.66,11,349,300.66,1,1,1
17675.0,3,40,17885.32,181,8056,447.133,0,0,0
17676.0,2,5,1378.16,64,1000,275.632,0,0,0
17677.0,2,28,20329.68,260,12161,726.0600000000001,0,0,0
17678.0,239,1,301.65,12,161,301.65,1,1,1
17679.0,157,5,1585.5,39,1026,317.1,0,0,0
17680.0,19,2,313.05,9,59,156.525,1,1,1
17681.0,233,5,731.2,12,450,146.24,1,1,0
17682.0,4,6,1982.45,66,1124,330.40833333333336,0,0,0
17683.0,21,3,819.01,41,781,273.00333333333333,0,0,0
17685.0,8,6,2751.64,59,1898,458.6066666666666,0,0,0
17686.0,59,2,2557.35,132,1105,1278.675,0,0,1
17687.0,56,1,432.68,26,210,432.68,1,1,1
17688.0,29,1,304.2,19,114,304.2,1,1,1
17689.0,24,2,317.08,19,300,158.54,1,1,1
17690.0,2,8,2690.15,101,1353,336.26875,0,0,0
17691.0,4,3,489.65000000000003,31,239,163.21666666666667,1,0,0
17692.0,32,8,2234.86,68,1666,279.3575,0,0,0
17694.0,147,2,1412.85,45,1309,706.425,0,0,1
17695.0,30,3,980.7,20,1030,326.90000000000003,0,0,0
17696.0,18,19,5393.88,157,4135,283.8884210526316,0,0,0
17699.0,112,2,442.0,17,208,221.0,1,1,1
17700.0,17,10,4145.33,174,2203,414.533,0,0,0
17702.0,19,2,1319.67,69,800,659.835,0,0,1
17703.0,54,1,296.1,23,307,296.1,1,1,1
17705.0,91,2,260.38,16,338,130.19,1,1,1
17706.0,2,17,10245.49,281,4150,602.6758823529411,0,0,0
17707.0,12,6,456.90000000000003,10,402,76.15,1,1,0
17708.0,38,2,620.85,37,297,310.425,1,0,1
17709.0,106,4,533.56,31,278,133.39,1,0,0
17710.0,59,1,293.5,20,158,293.5,1,1,1
17713.0,18,4,1198.09,55,989,299.5225,0,0,0
17714.0,60,4,1257.18,60,516,314.295,0,0,0
17715.0,228,1,163.2,1,192,163.2,1,1,1
17716.0,32,13,10300.98,209,5747,792.3830769230769,0,0,0
17717.0,57,1,376.92,26,344,376.92,1,1,1
17718.0,280,1,299.83,17,191,299.83,1,1,1
17720.0,3,7,1572.97,62,1037,224.71,0,0,0
17721.0,295,1,307.21000000000004,11,107,307.21000000000004,1,1,1
17722.0,2,2,2006.32,101,1342,1003.16,0,0,1
17723.0,11,1,102.0,2,120,102.0,1,1,1
17726.0,31,7,1092.06,53,444,156.00857142857143,0,0,0
17728.0,40,2,1362.75,79,677,681.375,0,0,1
17729.0,232,1,438.65000000000003,23,247,438.65000000000003,1,1,1
17730.0,18,7,2475.32,75,1724,353.6171428571429,0,0,0
17731.0,257,2,468.88,30,214,234.44,1,1,1
17732.0,8,8,2166.42,92,1058,270.8025,0,0,0
17734.0,161,3,741.69,40,319,247.23000000000002,1,0,0
17735.0,3,8,4134.91,139,2462,516.86375,0,0,0
17738.0,31,9,2304.51,105,1747,256.0566666666667,0,0,0
17739.0,10,11,4939.24,52,1474,449.02181818181816,0,0,0
17740.0,25,6,426.9,5,222,71.14999999999999,1,1,0
17741.0,42,2,101.1,6,114,50.55,1,1,1
17742.0,64,9,1743.3700000000001,46,564,193.70777777777778,0,0,0
17743.0,84,1,229.2,3,96,229.2,1,1,1
17744.0,16,1,326.74,15,414,326.74,1,1,1
17745.0,113,2,600.34,27,164,300.17,1,0,1
17746.0,107,3,793.9300000000001,28,659,264.6433333333334,1,0,0
17748.0,163,1,358.15,17,111,358.15,1,1,1
17749.0,182,1,351.66,22,126,351.66,1,1,1
17751.0,57,1,157.85999999999999,31,147,157.85999999999999,1,1,1
17753.0,100,4,390.56,63,128,97.64,1,1,0
17754.0,10,8,2805.27,119,2572,350.65875,0,0,0
17756.0,11,3,733.7,54,400,244.5666666666667,0,0,0
17757.0,4,28,3817.16,266,1843,136.32714285714286,0,0,0
17758.0,63,4,1555.83,121,1145,388.9575,0,0,0
17759.0,29,2,441.92,41,268,220.96,1,1,1
17760.0,9,5,631.34,44,457,126.268,0,0,0
17762.0,92,1,129.75,16,129,129.75,1,1,1
17763.0,289,3,71.15,11,29,23.71666666666667,1,1,0
17764.0,38,3,804.82,67,334,268.27333333333337,0,0,0
17765.0,84,1,158.92,22,53,158.92,1,1,1
17766.0,17,2,299.61,21,155,149.805,1,1,1
17767.0,46,1,141.85,18,70,141.85,1,1,1
17768.0,23,4,1236.33,69,1247,309.0825,0,0,0
17769.0,19,7,3105.1,201,1314,443.5857142857143,0,0,0
17771.0,72,2,141.6,14,86,70.8,1,1,1
17772.0,28,1,202.0,45,64,202.0,1,1,1
17773.0,150,2,585.27,48,260,292.635,1,0,1
17774.0,33,5,2102.64,206,1097,420.52799999999996,0,0,0
17776.0,22,2,338.56,75,277,169.28,1,1,1
17778.0,297,1,197.70000000000002,10,214,197.70000000000002,1,1,1
17780.0,303,3,352.91,76,158,117.63666666666667,1,1,0
17782.0,18,2,679.02,29,538,339.51,0,0,1
17783.0,148,1,96.44,24,85,96.44,1,1,1
17784.0,186,1,112.86,19,72,112.86,1,1,1
17785.0,81,2,271.44,38,160,135.72,1,1,1
17787.0,7,1,736.28,30,356,736.28,0,0,1
17789.0,297,1,171.25,13,125,171.25,1,1,1
17790.0,14,6,818.06,88,553,136.34333333333333,0,0,0
17792.0,103,2,370.05,45,151,185.025,1,1,1
17794.0,322,2,147.3,7,46,73.65,1,1,1
17796.0,5,4,664.09,119,201,166.0225,0,0,0
17797.0,31,5,1205.44,132,592,241.08800000000002,0,0,0
17798.0,217,1,183.09,43,142,183.09,1,1,1
17799.0,25,10,3285.96,316,1949,328.596,0,0,0
17801.0,87,3,798.3299999999999,66,838,266.10999999999996,0,0,0
17802.0,8,8,3768.08,253,2034,471.01,0,0,0
17803.0,28,1,184.66,27,98,184.66,1,1,1
17804.0,12,3,385.23,85,195,128.41,1,0,0
17805.0,246,1,414.72,1,648,414.72,1,1,1
17807.0,31,3,437.87,88,262,145.95666666666668,1,1,0
17808.0,184,4,262.64,28,143,65.66,1,1,0
17809.0,7,11,5925.4800000000005,32,1296,538.6800000000001,0,0,0
17810.0,304,2,374.81,51,119,187.405,1,1,1
17811.0,10,8,1772.07,254,1150,221.50875,0,0,0
17812.0,4,4,433.73,79,262,108.4325,0,0,0
17814.0,11,2,1617.32,112,1440,808.66,0,0,1
17815.0,29,1,591.96,13,612,591.96,1,1,1
17816.0,1,3,75.76,35,66,25.253333333333334,1,1,0
17817.0,14,3,420.17,87,298,140.05666666666667,1,0,0
17818.0,373,1,130.18,42,90,130.18,1,1,1
17819.0,7,6,2907.65,47,818,484.60833333333335,0,0,0
17820.0,10,1,183.56,39,112,183.56,1,1,1
17821.0,42,1,334.62,6,162,334.62,1,1,1
17822.0,56,5,2188.5,153,1389,437.7,0,0,0
17823.0,57,2,494.25,88,262,247.125,1,1,1
17825.0,234,4,731.96,24,540,182.99,1,0,0
17826.0,10,1,134.59,33,85,134.59,1,1,1
17827.0,257,1,392.59,65,345,392.59,1,1,1
17829.0,45,4,3867.5,121,2513,966.875,0,0,0
17833.0,359,1,342.36,28,145,342.36,1,1,1
17834.0,50,2,730.47,54,687,365.235,0,0,1
17838.0,1,10,3943.6000000000004,88,2270,394.36,0,0,0
17840.0,79,1,185.72,44,138,185.72,1,1,1
17841.0,1,91,29892.5,1579,14487,328.489010989011,0,0,0
17842.0,238,1,430.69,18,89,430.69,1,1,1
17843.0,47,1,120.75,22,163,120.75,1,1,1
17845.0,191,4,598.19,42,196,149.5475,1,0,0
17847.0,151,2,129.69,9,29,64.845,1,1,1
17848.0,53,21,2749.7,76,1040,130.93809523809523,0,0,0
17849.0,116,4,457.96000000000004,19,110,114.49000000000001,1,1,0
17850.0,8,155,51208.87,102,21052,330.3798064516129,0,0,0
17851.0,58,6,1563.34,185,938,260.5566666666667,0,0,0
17852.0,24,3,548.87,62,323,182.95666666666668,1,0,0
17853.0,43,3,1608.19,84,627,536.0633333333334,0,0,0
17854.0,98,4,760.19,98,526,190.0475,0,0,0
17855.0,8,1,208.97,17,197,208.97,1,1,1
17857.0,1,2,1803.2,6,2804,901.6,0,0,1
17858.0,5,19,7641.99,103,2777,402.21,0,0,0
17860.0,4,4,762.74,128,713,190.685,0,0,0
17861.0,21,10,3026.89,218,2586,302.68899999999996,0,0,0
17862.0,21,3,948.1899999999999,83,343,316.06333333333333,0,0,0
17863.0,5,7,2585.2,84,2314,369.3142857142857,0,0,0
17864.0,21,2,326.82,37,311,163.41,1,1,1
17865.0,11,26,15848.07,305,7228,609.5411538461539,0,0,0
17866.0,120,2,805.3000000000001,15,361,402.65000000000003,1,0,1
17867.0,46,9,424.18,58,130,47.13111111111111,1,1,0
17868.0,22,1,234.65,18,91,234.65,1,1,1
17869.0,4,3,607.98,53,449,202.66,0,0,0
17870.0,2,2,1213.8,2,476,606.9,0,0,1
17871.0,33,4,963.09,59,531,240.7725,0,0,0
17872.0,17,1,235.87,15,176,235.87,1,1,1
17873.0,9,14,4656.72,64,3265,332.6228571428572,0,0,0
17875.0,324,1,167.1,25,98,167.1,1,1,1
17876.0,35,3,3424.02,3,1958,1141.34,0,0,0
17878.0,31,2,1032.88,56,637,516.44,0,0,1
17880.0,275,2,366.0,19,152,183.0,1,1,1
17882.0,15,2,313.46,47,134,156.73,1,1,1
17883.0,175,3,324.08,30,102,108.02666666666666,1,1,0
17884.0,4,18,2355.44,277,2234,130.85777777777778,0,0,0
17886.0,73,3,708.77,56,244,236.25666666666666,1,0,0
17888.0,10,17,1094.39,89,564,64.37588235294118,0,0,0
17889.0,10,5,571.0,80,338,114.2,0,0,0
17894.0,2,11,1333.57,136,615,121.23363636363636,0,0,0
17897.0,3,8,2018.4,178,814,252.3,0,0,0
17898.0,88,2,147.12,22,61,73.56,1,1,1
17901.0,157,2,149.7,3,14,74.85,1,1,1
17902.0,182,1,216.39999999999998,24,526,216.39999999999998,1,1,1
17903.0,30,1,381.09000000000003,44,142,381.09000000000003,1,1,1
17905.0,9,10,1583.28,120,966,158.328,0,0,0
17907.0,276,1,291.76,13,1046,291.76,1,1,1
17908.0,9,5,1168.26,179,683,233.652,0,0,0
17909.0,373,1,132.55,8,41,132.55,1,1,1
17910.0,362,1,261.7,25,121,261.7,1,1,1
17912.0,11,1,64.49,13,31,64.49,1,1,1
17913.0,36,12,3068.04,208,1456,255.67,0,0,0
17915.0,187,1,242.13,27,191,242.13,1,1,1
17916.0,264,2,43.87,15,90,21.935,1,1,0
17918.0,136,3,396.39,34,352,132.13,1,1,0
17919.0,74,1,536.28,17,696,536.28,1,1,1
17920.0,4,39,20312.36,468,10150,520.8297435897437,0,0,0
17921.0,15,6,1596.98,148,572,266.16333333333336,0,0,0
17922.0,179,1,170.4,8,49,170.4,1,1,1
17923.0,163,2,289.5,2,90,144.75,1,1,1
17924.0,9,2,574.2,3,108,287.1,1,1,1
17925.0,8,1,244.08,1,72,244.08,1,1,1
17926.0,80,3,638.2,16,266,212.73333333333335,1,0,0
17927.0,357,1,294.0,10,108,294.0,1,1,1
17928.0,207,1,128.7,4,82,128.7,1,1,1
17929.0,23,8,2239.1,5,326,279.8875,0,0,0
17930.0,29,8,2534.74,22,2201,316.8425,0,0,0
17931.0,33,12,3028.93,224,1688,252.41083333333333,0,0,0
17933.0,268,1,114.69,12,63,114.69,1,1,1
17934.0,42,1,344.90000000000003,20,150,344.90000000000003,1,1,1
17935.0,36,5,540.35,33,162,108.07000000000001,1,1,0
17938.0,56,1,144.29,29,53,144.29,1,1,1
17940.0,81,6,26286.75,9,75825,4381.125,0,0,0
17941.0,226,3,1128.72,3,856,376.24,1,1,0
17944.0,59,1,75.41,24,85,75.41,1,1,1
17945.0,332,3,360.35,66,244,120.11666666666667,1,1,0
17949.0,7,74,60117.6,36,30112,812.4,0,0,0
17950.0,1,6,950.61,110,481,158.435,0,0,0
17951.0,9,2,627.5400000000001,11,282,313.77000000000004,1,1,1
17952.0,14,4,819.61,85,504,204.9025,0,0,0
17953.0,176,1,160.82,20,99,160.82,1,1,1
17954.0,3,9,1633.33,241,1031,181.4811111111111,0,0,0
17955.0,291,2,392.6,2,408,196.3,1,1,1
17958.0,364,1,465.42,29,200,465.42,1,1,1
17959.0,228,1,140.75,2,49,140.75,1,1,1
17960.0,158,2,61.300000000000004,11,19,30.650000000000002,1,1,0
17961.0,8,62,1699.1,348,977,27.404838709677417,0,0,0
17962.0,185,3,584.59,126,523,194.86333333333334,1,0,0
17963.0,107,4,651.51,98,344,162.8775,1,0,0
17964.0,8,1,261.76,35,195,261.76,1,1,1
17965.0,1,17,4618.41,399,2969,271.67117647058825,0,0,0
17966.0,227,5,875.99,33,1372,175.198,0,0,0
17967.0,7,2,234.22,59,118,117.11,1,0,1
17968.0,9,4,610.6899999999999,109,365,152.67249999999999,0,0,0
17969.0,138,18,2141.7400000000002,105,865,118.98555555555556,0,0,0
17971.0,184,1,161.94,20,62,161.94,1,1,1
17974.0,17,3,1117.27,161,724,372.42333333333335,0,0,0
17975.0,2,12,2540.02,84,703,211.66833333333332,0,0,0
17976.0,8,1,353.19,56,106,353.19,1,0,1
17977.0,36,1,1277.49,83,1720,1277.49,0,0,1
17978.0,1,4,1160.84,63,1298,290.21,0,0,0
17980.0,29,1,221.97,27,100,221.97,1,1,1
17981.0,46,1,239.12,17,260,239.12,1,1,1
17982.0,316,1,138.18,13,117,138.18,1,1,1
17983.0,31,1,171.71,23,108,171.71,1,1,1
17984.0,28,4,1038.59,168,875,259.6475,0,0,0
17987.0,12,4,805.07,133,754,201.2675,0,0,0
17988.0,123,7,288.42,81,143,41.20285714285715,1,1,0
17989.0,15,1,228.82999999999998,26,329,228.82999999999998,1,1,1
17990.0,16,3,896.77,23,363,298.92333333333335,0,0,0
17991.0,227,1,227.2,33,75,227.2,1,1,1
17992.0,25,1,254.13,49,131,254.13,1,1,1
17993.0,253,1,235.19,60,112,235.19,1,1,1
17994.0,24,7,1634.83,191,1697,233.54714285714286,0,0,0
17995.0,18,2,419.38,26,130,209.69,1,1,1
17996.0,15,3,482.33,63,587,160.77666666666667,0,0,0
17998.0,16,3,639.24,57,561,213.08,0,0,0
17999.0,2,2,348.84,77,174,174.42,1,0,1
18000.0,200,1,124.25,6,109,124.25,1,1,1
18001.0,85,4,536.61,69,530,134.1525,1,0,0
18002.0,11,4,249.92,53,72,62.48,1,1,0
18003.0,12,1,358.61,23,299,358.61,1,1,1
18006.0,17,3,553.1800000000001,36,183,184.39333333333335,1,1,0
18007.0,28,1,220.32,46,252,220.32,1,1,1
18008.0,51,14,17670.94,54,6249,1262.2099999999998,0,0,0
18009.0,178,7,1898.49,122,527,271.21285714285716,0,0,0
18011.0,9,2,424.24,63,127,212.12,1,0,1
18012.0,359,1,115.3,13,63,115.3,1,1,1
18016.0,46,2,476.90000000000003,44,180,238.45000000000002,1,1,1
18017.0,67,1,165.0,1,100,165.0,1,1,1
18018.0,35,2,175.85,14,131,87.925,1,1,1
18020.0,179,1,190.48000000000002,12,67,190.48000000000002,1,1,1
18021.0,145,2,227.06,32,169,113.53,1,1,1
18022.0,21,4,983.68,209,654,245.92,0,0,0
18025.0,15,6,1177.72,85,1053,196.28666666666666,0,0,0
18026.0,136,2,2074.07,12,530,1037.035,0,0,1
18028.0,219,1,192.05,4,133,192.05,1,1,1
18029.0,278,1,433.77,18,253,433.77,1,1,1
18031.0,14,1,462.09999999999997,49,300,462.09999999999997,1,0,1
18034.0,11,1,370.82,97,431,370.82,0,0,1
18035.0,21,2,546.34,8,550,273.17,1,0,1
18036.0,21,8,1158.02,171,514,144.7525,0,0,0
18037.0,57,9,97.39999999999999,13,17,10.822222222222221,1,1,0
18038.0,192,1,149.41,25,85,149.41,1,1,1
18039.0,10,4,579.17,137,570,144.7925,0,0,0
18041.0,1,20,4568.99,328,4040,228.4495,0,0,0
18042.0,177,1,116.1,9,36,116.1,1,1,1
18043.0,2,1,316.46,59,172,316.46,1,0,1
18044.0,23,8,1417.01,61,565,177.12625,0,0,0
18046.0,285,1,189.63,26,44,189.63,1,1,1
18047.0,17,2,342.69,74,138,171.345,1,0,1
18048.0,129,1,229.44,51,131,229.44,1,1,1
18049.0,73,2,556.52,82,425,278.26,1,0,1
18050.0,29,1,337.66,18,210,337.66,1,1,1
18051.0,270,7,2282.28,41,1661,326.04,0,0,0
18052.0,200,1,10877.18,16,17766,10877.18,0,0,1
18053.0,161,2,271.05,12,107,135.525,1,1,1
18054.0,28,1,176.5,11,96,176.5,1,1,1
18055.0,3,6,4411.38,166,1384,735.23,0,0,0
18056.0,254,1,190.95,11,123,190.95,1,1,1
18057.0,29,3,1203.56,120,978,401.18666666666667,0,0,0
18058.0,177,2,603.9,11,306,301.95,1,0,1
18060.0,44,2,1185.46,75,902,592.73,0,0,1
18061.0,2,19,4369.56,25,2652,229.9768421052632,0,0,0
18062.0,22,3,912.15,25,435,304.05,0,0,0
18063.0,26,2,186.60000000000002,2,48,93.30000000000001,1,1,1
18064.0,82,9,3681.03,48,2325,409.00333333333333,0,0,0
18065.0,24,15,3473.8,136,1238,231.58666666666667,0,0,0
18066.0,22,2,1122.4,35,427,561.2,0,0,1
18069.0,19,6,2503.89,389,1916,417.315,0,0,0
18070.0,305,1,314.1,9,86,314.1,1,1,1
18071.0,1,5,975.63,46,575,195.126,0,0,0
18074.0,9,2,1019.44,37,361,509.72,0,0,1
18075.0,10,10,3171.54,116,1817,317.154,0,0,0
18076.0,16,1,151.49,8,164,151.49,1,1,1
18077.0,2,8,1705.55,78,1355,213.19375,0,0,0
18078.0,61,2,508.47,43,286,254.235,1,0,1
18079.0,127,1,590.78,13,1383,590.78,1,1,1
18083.0,33,1,470.72999999999996,36,270,470.72999999999996,1,1,1
18084.0,19,2,722.4499999999999,6,449,361.22499999999997,1,0,1
18085.0,9,3,955.8000000000001,34,320,318.6,0,0,0
18087.0,15,15,10705.8,45,3868,713.7199999999999,0,0,0
18089.0,82,1,428.45,9,95,428.45,1,1,1
18090.0,57,1,349.4,47,321,349.4,1,1,1
18091.0,229,1,360.85,25,539,360.85,1,1,1
18092.0,1,8,7111.18,25,4578,888.8975,0,0,0
18093.0,80,4,2346.19,20,2037,586.5475,0,0,0
18094.0,82,6,3374.2200000000003,36,1646,562.37,0,0,0
18095.0,63,3,1723.04,22,1204,574.3466666666667,0,0,0
18096.0,78,3,894.13,153,658,298.04333333333335,0,0,0
18097.0,21,5,1965.52,30,1054,393.104,0,0,0
18098.0,32,1,550.84,85,217,550.84,1,0,1
18100.0,186,1,451.56,30,440,451.56,1,1,1
18101.0,10,3,405.51,62,162,135.17,1,0,0
18102.0,1,89,349164.35,297,124216,3923.1949438202246,0,0,0
18103.0,185,1,105.8,10,23,105.8,1,1,1
18106.0,112,5,1030.76,117,384,206.152,0,0,0
18107.0,78,1,167.13,38,66,167.13,1,1,1
18108.0,232,2,577.8100000000001,29,177,288.90500000000003,1,1,1
18109.0,5,13,1840.99,126,648,141.61461538461538,0,0,0
18110.0,47,1,199.13,29,100,199.13,1,1,1
18111.0,225,1,405.85,27,232,405.85,1,1,1
18112.0,54,2,423.27,34,192,211.635,1,0,1
18113.0,4,1,76.32000000000001,1,72,76.32000000000001,1,1,1
18115.0,333,1,9.700000000000001,3,3,9.700000000000001,1,1,1
18116.0,12,5,736.27,142,433,147.254,0,0,0
18118.0,5,4,1079.4,183,535,269.85,0,0,0
18119.0,3,1,181.12,29,125,181.12,1,1,1
18123.0,149,1,95.15,22,35,95.15,1,1,1
18124.0,108,1,111.53,20,51,111.53,1,1,1
18127.0,39,1,212.8,21,64,212.8,1,1,1
18128.0,173,1,420.04,42,221,420.04,1,1,1
18131.0,267,1,222.95999999999998,4,552,222.95999999999998,1,1,1
18132.0,140,1,226.9,60,216,226.9,1,1,1
18134.0,234,2,445.0,27,128,222.5,1,1,1
18135.0,28,5,567.71,16,404,113.542,1,1,0
18136.0,45,2,847.03,48,481,423.515,0,0,1
18137.0,187,2,145.99,26,59,72.995,1,1,1
18140.0,109,1,536.41,49,395,536.41,1,0,1
18141.0,37,2,882.47,38,433,441.235,0,0,1
18144.0,9,8,2169.25,36,896,271.15625,0,0,0
18145.0,18,7,2756.2400000000002,133,2482,393.74857142857144,0,0,0
18148.0,282,1,114.10000000000001,9,64,114.10000000000001,1,1,1
18149.0,40,4,1012.63,54,608,253.1575,0,0,0
18151.0,56,4,1226.09,65,631,306.5225,0,0,0
18152.0,282,1,426.69,10,75,426.69,1,1,1
18153.0,295,1,246.22,17,200,246.22,1,1,1
18154.0,24,3,533.41,22,371,177.8033333333333,1,1,0
18156.0,5,1,206.23000000000002,50,73,206.23000000000002,1,1,1
18157.0,207,1,215.35,25,146,215.35,1,1,1
18160.0,22,1,365.82,26,225,365.82,1,1,1
18161.0,15,1,184.41,13,153,184.41,1,1,1
18162.0,368,1,379.16,45,335,379.16,1,1,1
18163.0,220,1,728.84,33,452,728.84,1,1,1
18166.0,259,1,175.5,10,90,175.5,1,1,1
18168.0,8,11,2600.33,182,1583,236.39363636363635,0,0,0
18170.0,10,6,1897.69,49,775,316.2816666666667,0,0,0
18171.0,106,4,1206.0,34,510,301.5,0,0,0
18172.0,23,32,9918.16,134,4229,309.9425,0,0,0
18173.0,248,1,589.52,14,510,589.52,1,1,1
18174.0,239,1,58.5,1,30,58.5,1,1,1
18175.0,311,1,176.1,7,70,176.1,1,1,1
18177.0,196,3,875.45,23,529,291.81666666666666,1,0,0
18178.0,38,7,4512.93,172,2867,644.7042857142858,0,0,0
18179.0,158,2,754.38,19,451,377.19,1,0,1
18181.0,36,4,823.14,122,378,205.785,0,0,0
18182.0,99,1,291.13,10,167,291.13,1,1,1
18186.0,358,1,329.58,11,338,329.58,1,1,1
18187.0,267,1,724.89,48,310,724.89,1,1,1
18188.0,66,3,1279.55,56,720,426.51666666666665,0,0,0
18189.0,261,1,313.49,18,270,313.49,1,1,1
18190.0,239,3,461.16,23,350,153.72,1,1,0
18191.0,113,1,321.59999999999997,8,192,321.59999999999997,1,1,1
18193.0,16,2,963.59,50,802,481.795,0,0,1
18194.0,74,5,3188.2000000000003,16,1142,637.6400000000001,0,0,0
18195.0,23,1,101.16,5,60,101.16,1,1,1
18196.0,107,2,775.18,112,614,387.59,0,0,1
18197.0,211,1,230.1,9,166,230.1,1,1,1
18199.0,319,1,344.75,20,99,344.75,1,1,1
18201.0,358,1,447.53000000000003,27,191,447.53000000000003,1,1,1
18203.0,17,3,344.0,31,70,114.66666666666667,1,1,0
18206.0,189,1,314.65999999999997,19,246,314.65999999999997,1,1,1
18207.0,135,1,544.47,31,325,544.47,1,1,1
18208.0,201,1,360.08,17,82,360.08,1,1,1
18210.0,18,1,147.45,10,101,147.45,1,1,1
18212.0,313,1,298.3,12,66,298.3,1,1,1
18214.0,166,4,1780.34,38,989,445.085,0,0,0
18215.0,73,4,1948.15,51,1025,487.0375,0,0,0
18217.0,149,2,323.29,7,249,161.645,1,1,1
18218.0,232,2,479.91999999999996,16,492,239.95999999999998,1,1,1
18219.0,4,8,1493.1200000000001,54,768,186.64000000000001,0,0,0
18220.0,30,5,1616.48,17,1064,323.296,0,0,0
18221.0,26,1,383.33,20,209,383.33,1,1,1
18223.0,23,12,7516.31,146,3696,626.3591666666667,0,0,0
18225.0,1,15,7545.139999999999,196,4060,503.0093333333333,0,0,0
18226.0,14,15,6650.83,209,4417,443.38866666666667,0,0,0
18227.0,120,1,295.0,1,1,295.0,1,1,1
18229.0,2,10,3526.81,23,695,352.681,0,0,0
18230.0,14,2,1480.8600000000001,42,680,740.4300000000001,0,0,1
18231.0,42,23,4797.7,158,2102,208.59565217391304,0,0,0
18234.0,187,1,179.6,30,80,179.6,1,1,1
18236.0,24,6,913.11,43,293,152.185,0,0,0
18238.0,151,1,270.92,14,114,270.92,1,1,1
18239.0,8,2,588.75,35,257,294.375,1,0,1
18241.0,51,4,913.9,45,420,228.475,0,0,0
18242.0,81,4,1372.72,46,1004,343.18,0,0,0
18243.0,50,1,515.78,26,221,515.78,1,1,1
18244.0,66,2,568.64,19,856,284.32,1,0,1
18245.0,15,13,3757.92,225,3310,289.07076923076926,0,0,0
18246.0,245,1,162.72,1,48,162.72,1,1,1
18247.0,50,3,839.73,28,335,279.91,1,0,0
18251.0,81,8,21964.14,77,31815,2745.5175,0,0,0
18252.0,184,5,1015.42,35,698,203.084,0,0,0
18253.0,278,1,317.88,7,128,317.88,1,1,1
18254.0,217,1,267.9,16,188,267.9,1,1,1
18255.0,92,1,199.85,13,127,199.85,1,1,1
18256.0,23,1,110.7,10,180,110.7,1,1,1
18257.0,82,4,2262.52,138,1328,565.63,0,0,0
18258.0,100,6,2059.67,31,1981,343.27833333333336,0,0,0
18259.0,2,5,1979.6000000000001,36,676,395.92,0,0,0
18260.0,10,17,7318.91,175,3769,430.5241176470588,0,0,0
18262.0,29,2,428.06,27,370,214.03,1,1,1
18264.0,134,1,603.25,36,241,603.25,1,1,1
18266.0,70,1,251.1,14,138,251.1,1,1,1
18267.0,308,1,269.37,17,135,269.37,1,1,1
18268.0,227,5,1464.73,37,709,292.946,0,0,0
18269.0,2,1,168.6,7,76,168.6,1,1,1
18270.0,68,1,161.4,6,108,161.4,1,1,1
18271.0,245,2,680.85,19,319,340.425,1,0,1
18272.0,184,3,1307.4,50,830,435.8,0,0,0
18273.0,226,1,153.0,1,60,153.0,1,1,1
18275.0,214,2,741.85,19,417,370.925,1,0,1
18276.0,28,5,1320.66,69,1060,264.132,0,0,0
18277.0,33,4,1069.67,49,381,267.4175,0,0,0
18278.0,40,1,240.3,15,74,240.3,1,1,1
18279.0,155,1,231.33999999999997,13,630,231.33999999999997,1,1,1
18280.0,30,1,307.55,20,149,307.55,1,1,1
18281.0,213,1,120.32,10,92,120.32,1,1,1
18283.0,18,6,641.77,162,336,106.96166666666666,0,0,0
18284.0,67,1,461.68,28,494,461.68,1,1,1
18285.0,296,1,427.0,12,145,427.0,1,1,1
18286.0,112,2,1296.43,67,608,648.215,0,0,1
18287.0,18,4,2345.71,77,1427,586.4275,0,0,0
